Workbook

Sheet Form responses 1-compiled
B1: Q1 | D1: Q2 | F1: Q3 | H1: Q4 | J1: Q5 | L1: Q6 | N1: Q7 | P1: Q8 | R1: Q9 | S1: Q10 | U1: Q11 | W1: Q12 | X1: Q13 | Y1: Q13 | Z1: Q14 | AA1: Q14 | AB1: Q15 | AC1: Q15 | AD1: Q15 | AE1: Q16 | AF1: Q17 | AG1: Q17 | AI1: Q18 | AJ1: Q19 | AK1: Q20 | AL1: Q20 | AM1: Q21 | AN1: Q22 | AO1: Q23 | AP1: Q23 | AQ1: Q24 | AR1: Q24
A2: Timestamp | B2: Did you find it easy to find the required buttons? (1 for very hard and 10 for very easy) | C2: Any comment about the point? | D2: Did you recognize different icons and labels? (1 for very hard and 10 for very easy) | E2: Any comment about the point? | F2: Text and colors were easy for the eyes? (1 for no and 10 for yes) | G2: Any comment about the point? | H2: The application is easy to use with minimum instructions from the tester. (1 for no and 10 for yes) | I2: Any comment about the point? | J2: Steps are easy to follow, and buttons are easy to remember (1 for no and 10 for yes) | K2: Any comment about the point? | L2: You managed to finish the tasks as fast as possible. (1 for no and 10 for yes) | M2: Any comment about the point? | N2: Everything was clear and easy to preform without frustration (1 for no and 10 for yes) | O2: Any comment about the point? | P2: You managed to perform well in labs without difficulties in using the VR equipment | Q2: Any comment about the point? | R2: You managed to perform well in labs by hearing ROBO instructions and following them. | S2: ROBO instructions were clear and easy to follow | T2: Any comment about the point? | U2: Q3. You found the application interesting. (1 for no and 10 for yes) | V2: Any comment about the point? | W2: Q4. You found the gamification functions fun and encouraged competitive behavior. . (1 for no and 10 for yes) | X2: Was the application appealing in term of colors and visuals? | Y2: Was the application appealing in term of colors and visuals? | Z2: Was the navigation through the application easy and understandable? | AA2: Was the navigation through the application easy and understandable? | AB2: Was the interface crowded and hard to use? | AC2: Hardship | AD2: Opposite | AE2: Were the icons related to the information presented? | AF2: Does the app appearance consistent? | AI2: was the app fast to preform a task? | AJ2: Was it easy to go back to previous pages? | AK2: Could you use the application without instructions? | AL2: Could you use the application without instructions? | AM2: Did you manage to achieve the goal of the application? | AN2: What parts of the application did you think represented game aspects and were fun to experience? | AO2: Would you use the application in your education if available to you? | AP2: Would you use the application in your education if available to you? | AQ2: Would you recommend the application to other people? | AR2: Would you recommend the application to other people?
A3: 45357.411 | B3: 5 | C3: - | D3: 7 | E3: The text of small bottons that were on the board are soo small and not clear | F3: 7 | G3: Some colors weren't clear (especially when we had to wires) while when i had multiple wires they were clear | H3: 10 | I3: - | J3: 10 | K3: - | L3: 8 | M3: - | N3: 10 | O3: - | P3: 7 | R3: 10 | S3: 10 | U3: 10 | W3: 10 | X3: Yes it was so appealing and the colors/visuals were very attractive | Y3: 10 | Z3: Yes it was easy and understandable, once you get used to it becomes so much easier | AA3: 8 | AB3: No, the interface was easy to use and everything is well organized | AC3: 1 | AD3: =2*(6-AC3) -> 10 | AE3: Yes they were | AF3: Yes, the only problem was that the text was small for the small parts on the board | AG3: 7 | AH3: 1 | AI3: Yes | AJ3: Yes | AK3: Yes since there's a hint, you only need to use it for the first time with instructions later there's no need. | AL3: 9 | AM3: Yes | AN3: Everything was interesting and fun since I don't have any experience in labs. | AO3: Yes sure! | AP3: 10 | AQ3: Definitely yes! | AR3: 10
A4: 45357.45 | B4: 8 | C4: No everything easy | D4: 6 | E4: No | F4: 10 | G4: No it was easy | H4: 6 | I4: No | J4: 10 | K4: The hints helped me a lot and it was easy to follow | L4: 9 | M4: No | N4: 7 | O4: Sometimes it lagged but other things were good | P4: 7 | Q4: No | R4: 10 | S4: 10 | T4: The robot was easy to follow with | U4: 10 | V4: First time using this application it was fun | W4: 8 | X4: Yes the colors and visuals were good | Y4: 10 | Z4: Yes everything was simple and easy with ROBO the robot | AA4: 10 | AB4: No it was good | AC4: 1 | AD4: =2*(6-AC4) -> 10 | AE4: Yes all the information were related | AF4: Yes | AG4: 9 | AH4: 3 | AI4: Kind of yes it just lagged a bit | AJ4: Yes there was an exit button | AK4: No I used the instructions from the powerpoint | AL4: 7 | AM4: Yes | AN4: Putting all the chips and wires together | AO4: Yes it helped understanding me where all the wires went | AP4: 10 | AQ4: Yes | AR4: 8
A5: 45357.477 | B5: 3 | D5: 4 | F5: 8 | H5: 6 | J5: 9 | L5: 4 | N5: 3 | P5: 4 | R5: 7 | S5: 6 | U5: 10 | V5: Good luck on it 🩷 it is good but the vr tool little bit hard to use | W5: 4 | X5: Yes | Y5: 9 | Z5: Kind of yes | AA5: 7 | AB5: Hard to type in | AC5: 5 | AD5: =2*(6-AC5) -> 2 | AE5: Yes | AF5: Yes | AG5: 9 | AH5: 3 | AI5: No | AJ5: No | AK5: No | AL5: 5 | AM5: Kind of yes | AN5: Starting the circuit | AO5: Yes | AP5: 10 | AQ5: Yes for the it people | AR5: 8
A6: 45357.584 | B6: 9 | D6: 10 | F6: 7 | H6: 10 | J6: 10 | L6: 7 | M6: I suggest adding another hand | N6: 6 | O6: It was hard sometimes to focus | P6: 10 | R6: 10 | S6: 10 | T6: Robo was very helpful | U6: 10 | V6: I would like to use it in our labs | W6: 10 | X6: Yes | Y6: 9 | Z6: Yes | AA6: 8 | AB6: No | AC6: 1 | AD6: =2*(6-AC6) -> 10 | AE6: Yes | AF6: Yes | AG6: 9 | AH6: 3 | AI6: Sometime its hard | AJ6: Yes | AK6: Maybe after some time of practice | AL6: 6 | AM6: Yes | AN6: To get the result that i was excepting from the lab | AO6: Yes | AP6: 10 | AQ6: Yes definitely | AR6: 10
A7: 45357.615 | B7: 8 | D7: 7 | F7: 5 | G7: The colors weren't very clear they both looked black but I could separate them. And some writing was too small I couldn't read it | H7: 10 | J7: 10 | L7: 8 | N7: 10 | P7: 10 | R7: 10 | S7: 10 | T7: Maybe add captions to the wires so I know where to put them | U7: 10 | V7: Very interesting it was very fun | W7: 10 | X7: Yes | Y7: 9 | Z7: Yes very clear but the font was too small | AA7: 7 | AB7: No | AC7: 1 | AD7: =2*(6-AC7) -> 10 | AE7: Yes | AF7: Yes | AG7: 9 | AH7: 3 | AI7: Yes but a little laggy | AJ7: Not really it erased what I wrote before | AK7: Yes | AL7: 10 | AM7: Yes | AN7: I liked experimenting with the wires and doing the labs and I loved the leaderboard | AO7: Definitely it's very fun | AP7: 10 | AQ7: Yes | AR7: 8
A8: 45357.634 | B8: 10 | C8: No | D8: 10 | E8: No | F8: 10 | G8: No | H8: 10 | I8: No | J8: 10 | K8: No | L8: 10 | M8: No | N8: 10 | O8: No | P8: 10 | Q8: No | R8: 10 | S8: 10 | T8: No | U8: 10 | V8: No | W8: 10 | X8: Yes nice | Y8: 10 | Z8: Sureee | AA8: 9 | AB8: No | AC8: 1 | AD8: =2*(6-AC8) -> 10 | AE8: Yes | AF8: Stable | AG8: 8 | AH8: 2 | AI8: Yes | AJ8: Yes cool | AK8: Yes | AL8: 10 | AM8: Yep | AN8: Build | AO8: نعم ينفع جدا خصوصا للصغار | AP8: 10 | AQ8: لاشي | AR8: 6
A9: 45357.675 | B9: 9 | C9: somtimes when you click it slips to the other nearby buttons | D9: 10 | F9: 10 | H9: 10 | J9: 10 | L9: 10 | N9: 10 | P9: 9 | Q9: i think the colors of the wires should be a little but brighter | R9: 10 | S9: 10 | U9: 10 | W9: 10 | X9: yes, especially the little robot he was so cute, however the texts sometimes appears shaky especially when you move your head | Y9: 8 | Z9: it was very easy just like regular mobile apps | AA9: 9 | AB9: no, it was actually very simple and clear | AC9: 1 | AD9: =2*(6-AC9) -> 10 | AE9: yes it was obvious what they represent | AF9: yes, it’s consistent in style and doesn’t look patchy | AG9: 7 | AH9: 1 | AI9: yes, but i struggled a tiny bit while pressing buttons since it kinda slip, but overall it’s not that hard or frustrating | AJ9: yes you just click a simple back button | AK9: yes since it is clear and already has a cute little instructor (robo) | AL9: 10 | AM9: yes i built a fully functioning logical circuit | AN9: the limited hearts made me think twice about the placement so i don’t lose, and it’s fun to compete with your colleagues in the leaderboard | AO9: yes, it’s as good as the real lab | AP9: 10 | AQ9: definitely | AR9: 10
A10: 45357.773 | B10: 5 | D10: 10 | F10: 5 | H10: 8 | J10: 1 | L10: 1 | N10: 1 | P10: 1 | R10: 10 | S10: 10 | U10: 10 | W10: 10 | X10: Yes | Y10: 9 | Z10: Yes but by practicing | AA10: 8 | AB10: No | AC10: 1 | AD10: =2*(6-AC10) -> 10 | AE10: Yes | AF10: Yes | AG10: 9 | AH10: 3 | AI10: No, I had some difficulty to drag and drop the wires , but again I think by practicing it can be easier to done faster. | AJ10: Sometimes, I face difficulties to find back button because it doesn’t show up to me. It shows after I press multiples times. | AK10: Maybe | AL10: 7 | AM10: Yes | AN10: The physical board with wires and other components. | AO10: Yes, but I suggest to make in Arabic language also the other languages, and about the instructions,I don’t think it enough to understand the subject, put even though it can be improve it by time. | AP10: 10 | AQ10: Yes for sure | AR10: 8
A11: 45357.889 | B11: 6 | D11: 10 | E11: Perfect | F11: 8 | H11: 8 | J11: 9 | L11: 9 | N11: 8 | P11: 8 | R11: 9 | S11: 10 | U11: 10 | W11: 10 | X11: Yes | Y11: 9 | Z11: yes | AA11: 9 | AB11: No | AC11: 1 | AD11: =2*(6-AC11) -> 10 | AE11: Yes | AF11: Yes | AG11: 9 | AH11: 3 | AI11: yes | AJ11: yes | AK11: I think i need some help | AL11: 7 | AM11: Yes | AN11: Switching the LED ON AND OFF | AO11: Yes ofc | AP11: 10 | AQ11: yes | AR11: 8
A12: 45358.463 | B12: 10 | D12: 10 | F12: 7 | G12: The colors on the wires are a bit dark | H12: 8 | J12: 10 | L12: 10 | N12: 10 | P12: 10 | R12: 10 | S12: 10 | U12: 10 | W12: 10 | X12: Yes | Y12: 9 | Z12: Very easy | AA12: 10 | AB12: It wasn't crowder it was all organized and easy to use and easy to follow the instructions | AC12: 1 | AD12: =2*(6-AC12) -> 10 | AE12: Yes they were all related | AF12: It was all good and the appearance of the chips but the wire is a bit dark but still easy to know what color of yhe wire is | AG12: 7 | AH12: 2 | AI12: Yes | AJ12: Yes | AK12: Yes | AL12: 10 | AM12: Yes | AN12: The part were it showed me that I was wrong in some of the applications and I was very satisfied when it worked | AO12: Yes | AP12: 10 | AQ12: Yes, it helps a lot and shows how it can help knowing how a real bread board works | AR12: 10
A13: 45358.536 | B13: 5 | C13: Some buttons are a bit small maybe make them a bit bigger, sometimes there are many buttons so i get confused about which one to choose | D13: 10 | F13: 5 | G13: Yes it was easy for the eyes but the colors of the wires could be made clearer | H13: 8 | J13: 8 | L13: 9 | N13: 9 | P13: 9 | R13: 8 | S13: 8 | U13: 10 | W13: 10 | X13: Yes | Y13: 9 | Z13: Yes but sometimes i get confused which button to use | AA13: 7 | AB13: It was good | AC13: 1 | AD13: =2*(6-AC13) -> 10 | AE13: Yes | AF13: Yes but the sizes of text and buttons aren’t consistent | AG13: 7 | AH13: 2 | AI13: Yes | AJ13: I think so | AK13: Probably yes but it might take a bit of time | AL13: 8 | AM13: Yes | AN13: Learder board time and hearts | AO13: Yess , but i recommend not signing in with email as it takes time to type using vr, maybe use just the id of student | AP13: 8 | AQ13: Yess | AR13: 8
A14: 45358.558 | B14: 10 | D14: 10 | F14: 8 | G14: The texts are a bit unclear | H14: 10 | J14: 10 | L14: 8 | N14: 8 | P14: 10 | R14: 10 | S14: 10 | U14: 10 | W14: 10 | X14: Yes | Y14: 9 | Z14: Yes | AA14: 9 | AB14: No | AC14: 1 | AD14: =2*(6-AC14) -> 10 | AE14: Yes | AF14: Yes | AG14: 9 | AH14: 3 | AI14: It glitches when moving fast | AJ14: Yes | AK14: Yes | AL14: 10 | AM14: Yes | AN14: Performing the task was easy and well guided for someone who is playing for the first time | AO14: Yes, the application would make learning much more easier | AP14: 10 | AQ14: Yes | AR14: 8
A15: 45358.599 | B15: 8 | D15: 10 | F15: 8 | H15: 10 | J15: 10 | L15: 10 | N15: 10 | P15: 10 | R15: 10 | S15: 10 | U15: 10 | W15: 10 | X15: Yes but the light blue color is too light | Y15: 7 | Z15: Yes | AA15: 9 | AB15: No | AC15: 1 | AD15: =2*(6-AC15) -> 10 | AE15: Yes | AF15: Yes | AG15: 9 | AH15: 3 | AI15: Yes | AJ15: Yes | AK15: Yes | AL15: 10 | AM15: Yes | AN15: The way we can interact to build the circuit with instructions | AO15: Yes | AP15: 10 | AQ15: Yes to kids | AR15: 8
A16: 45358.698 | B16: 10 | D16: 9 | F16: 10 | G16: I like how the color is so comfy not red or that colors hurt your eyes | H16: 9 | J16: 10 | L16: 7 | M16: I tried to to do it correctly more that focusing in time | N16: 10 | P16: 10 | R16: 10 | S16: 10 | T16: I did know some information from my background but ROBO reminded me about point that I forget | U16: 10 | W16: 10 | X16: Yes ,it has clear and colorful colors with middle tone not high or low bright . | Y16: 6 | Z16: It was easy, but sometimes the click button (to go to next steps) I needed to be close more to the display to work successfully . | AA16: 6 | AB16: No , it has just what needed to be shown. | AC16: 1 | AD16: =2*(6-AC16) -> 10 | AE16: Yes , the tools of the experiment was close to the real ones. | AF16: Yes | AG16: 10 | AH16: 3 | AI16: Yes | AJ16: Yes , there was icon for going back | AK16: For me as IT Student yes I can , even for non IT students easy the application user friendly. | AL16: 9 | AM16: Yes | AN16: Part of experiment when putting the wires and gets into the breadboard | AO16: Of course, it’s explains everything relate to the course so well as the tools and what needed to use for + the rules of gates etc, it was so good for me. | AP16: 10 | AQ16: Yes they will get interest into VR &IT | AR16: 10
A17: 45358.721 | B17: 7 | C17: The structure of the wires needes fixing, it would be better if you provided real photos or demonstrational photos that would should show how it's implemented in real life and regarding to the placing of the wires signals I prefer you put a not on a side on what happened if you miss up or were the pin is heading in the breadboard | D17: 6 | E17: Just the arrangements of wires | F17: 2 | G17: Make it softer which is not too bright | H17: 5 | I17: No | J17: 6 | L17: 8 | M17: The more you get comfortable with the controls the better | N17: 5 | O17: Sometimes lags | P17: 7 | R17: 1 | S17: 8 | U17: 7 | W17: 10 | X17: No not really it was fine | Y17: 6 | Z17: Yeah | AA17: 9 | AB17: No | AC17: 1 | AD17: =2*(6-AC17) -> 10 | AE17: Yes | AF17: No needs fixing | AG17: 6 | AH17: 1 | AI17: No | AJ17: Yes there is a bit of a delay | AK17: No but yes without the voice | AL17: 6 | AM17: Yes | AN17: Placing wires | AO17: Yes | AP17: 10 | AQ17: Yes | AR17: 8
A18: 45358.768 | B18: 10 | D18: 10 | F18: 10 | H18: 10 | J18: 10 | L18: 10 | N18: 10 | P18: 10 | R18: 10 | S18: 10 | T18: He was cuteeee i liked him | U18: 10 | V18: I really likked the app , literally everything was amazing | W18: 10 | X18: Yes | Y18: 9 | Z18: Yes | AA18: 9 | AB18: nope | AC18: 1 | AD18: =2*(6-AC18) -> 10 | AE18: yess | AF18: Yeah | AG18: 10 | AH18: 3 | AI18: Reallly fastt | AJ18: Yess | AK18: Yes yes | AL18: 10 | AM18: Of course | AN18: Everything was enjoyable and fun | AO18: Yeahhh I really need it this course its really helpful | AP18: 10 | AQ18: I have already told my family also my friends about it 💗💗 | AR18: 10
A19: 45363.971 | B19: 10 | D19: 10 | F19: 10 | H19: 10 | J19: 10 | L19: 10 | N19: 10 | P19: 10 | R19: 10 | S19: 10 | U19: 10 | W19: 10 | X19: - | Y19: 5 | Z19: - | AA19: 5 | AB19: - | AC19: 3 | AD19: =2*(6-AC19) -> 6 | AE19: - | AF19: - | AG19: 5 | AH19: 2 | AI19: - | AJ19: - | AK19: - | AL19: 5 | AM19: - | AN19: - | AO19: - | AP19: 5 | AQ19: - | AR19: 5
A20: 45363.972 | B20: 10 | D20: 10 | F20: 10 | H20: 10 | J20: 10 | L20: 10 | N20: 10 | P20: 10 | R20: 10 | S20: 10 | U20: 10 | W20: 10 | X20: - | Y20: 5 | Z20: - | AA20: 5 | AB20: - | AC20: 3 | AD20: =2*(6-AC20) -> 6 | AE20: - | AF20: - | AG20: 5 | AH20: 2 | AI20: - | AJ20: - | AK20: - | AL20: 5 | AM20: - | AN20: - | AO20: - | AP20: 5 | AQ20: - | AR20: 5
A21: 45363.972 | B21: 10 | D21: 10 | F21: 10 | H21: 10 | J21: 10 | L21: 10 | N21: 10 | P21: 10 | R21: 10 | S21: 10 | U21: 10 | W21: 10 | X21: - | Y21: 5 | Z21: - | AA21: 5 | AB21: - | AC21: 3 | AD21: =2*(6-AC21) -> 6 | AE21: - | AF21: - | AG21: 5 | AH21: 2 | AI21: - | AJ21: - | AK21: - | AL21: 5 | AM21: - | AN21: - | AO21: - | AP21: 5 | AQ21: - | AR21: 5
A22: 45363.973 | B22: 10 | D22: 10 | F22: 10 | H22: 10 | J22: 10 | L22: 10 | N22: 10 | P22: 10 | R22: 10 | S22: 10 | U22: 10 | W22: 10 | X22: - | Y22: 5 | Z22: - | AA22: 5 | AB22: - | AC22: 4 | AD22: =2*(6-AC22) -> 4 | AE22: - | AF22: - | AG22: 5 | AH22: 2 | AI22: - | AJ22: - | AK22: - | AL22: 5 | AM22: - | AN22: - | AO22: - | AP22: 5 | AQ22: - | AR22: 5
A23: 45363.974 | B23: 10 | D23: 10 | F23: 10 | H23: 10 | J23: 10 | L23: 10 | N23: 10 | P23: 10 | R23: 10 | S23: 10 | U23: 10 | W23: 10 | X23: - | Y23: 5 | Z23: - | AA23: 5 | AB23: - | AC23: 4 | AD23: =2*(6-AC23) -> 4 | AE23: - | AF23: - | AG23: 5 | AH23: 2 | AI23: - | AJ23: - | AK23: - | AL23: 5 | AM23: - | AN23: - | AO23: - | AP23: 5 | AQ23: - | AR23: 5
A24: 45363.975 | B24: 10 | D24: 10 | F24: 10 | H24: 10 | J24: 10 | L24: 10 | N24: 10 | P24: 10 | R24: 10 | S24: 10 | U24: 10 | W24: 10 | X24: - | Y24: 5 | Z24: - | AA24: 5 | AB24: - | AC24: 4 | AD24: =2*(6-AC24) -> 4 | AE24: - | AF24: - | AG24: 5 | AH24: 2 | AI24: - | AJ24: - | AK24: - | AL24: 5 | AM24: - | AN24: - | AO24: - | AP24: 5 | AQ24: - | AR24: 5
A26: Mean | B26: =AVERAGE(B3:B24) -> 8.3181818 | C26: =AVERAGE(C3:C24) -> #DIV/0! | D26: =AVERAGE(D3:D24) -> 9.0454545 | E26: =AVERAGE(E3:E24) -> #DIV/0! | F26: =AVERAGE(F3:F24) -> 8.1818182 | G26: =AVERAGE(G3:G24) -> #DIV/0! | H26: =AVERAGE(H3:H24) -> 9 | I26: =AVERAGE(I3:I24) -> #DIV/0! | ... AB26: =AVERAGE(AB3:AB24) -> #DIV/0! | AD26: =AVERAGE(AD3:AD24) -> 8.2727273 | AE26: =AVERAGE(AE3:AE24) -> #DIV/0! | AF26: =AVERAGE(AF3:AF24) -> #DIV/0! | AG26: =AVERAGE(AG3:AG24) -> 7.4545455 | AH26: =10*AVERAGE(AH3:AH24)/3 -> 7.7272727 | AI26: =AVERAGE(AI3:AI24) -> #DIV/0! | AJ26: =AVERAGE(AJ3:AJ24) -> #DIV/0! | AK26: =AVERAGE(AK3:AK24) -> #DIV/0! | AL26: =AVERAGE(AL3:AL24) -> 7.4545455 | AM26: =AVERAGE(AM3:AM24) -> #DIV/0! | AN26: =AVERAGE(AN3:AN24) -> #DIV/0! | AO26: =AVERAGE(AO3:AO24) -> #DIV/0! | AP26: =AVERAGE(AP3:AP24) -> 8.5454545 | ... AR26: =AVERAGE(AR3:AR24) -> 7.6363636
A27: STD | B27: =_xlfn.STDEV.S(B3:B24) -> 2.1905938 | C27: =_xlfn.STDEV.S(C3:C24) -> #DIV/0! | D27: =_xlfn.STDEV.S(D3:D24) -> 1.7855844 | E27: =_xlfn.STDEV.S(E3:E24) -> #DIV/0! | F27: =_xlfn.STDEV.S(F3:F24) -> 2.2811101 | G27: =_xlfn.STDEV.S(G3:G24) -> #DIV/0! | H27: =_xlfn.STDEV.S(H3:H24) -> 1.5735916 | I27: =_xlfn.STDEV.S(I3:I24) -> #DIV/0! | ... AB27: =_xlfn.STDEV.S(AB3:AB24) -> #DIV/0! | AD27: =_xlfn.STDEV.S(AD3:AD24) -> 2.7112081 | AE27: =_xlfn.STDEV.S(AE3:AE24) -> #DIV/0! | AF27: =_xlfn.STDEV.S(AF3:AF24) -> #DIV/0! | AG27: =_xlfn.STDEV.S(AG3:AG24) -> 1.8446131 | AH27: =10*_xlfn.STDEV.S(AH3:AH24)/3 -> 2.3874371 | AI27: =_xlfn.STDEV.S(AI3:AI24) -> #DIV/0! | AJ27: =_xlfn.STDEV.S(AJ3:AJ24) -> #DIV/0! | AK27: =_xlfn.STDEV.S(AK3:AK24) -> #DIV/0! | AL27: =_xlfn.STDEV.S(AL3:AL24) -> 2.1542267 | AM27: =_xlfn.STDEV.S(AM3:AM24) -> #DIV/0! | AN27: =_xlfn.STDEV.S(AN3:AN24) -> #DIV/0! | AO27: =_xlfn.STDEV.S(AO3:AO24) -> #DIV/0! | AP27: =_xlfn.STDEV.S(AP3:AP24) -> 2.2620529 | ... AR27: =_xlfn.STDEV.S(AR3:AR24) -> 1.9406787
Q29: sample =23 | R29: one sample t-test
Q30: Hypothetical mean value=7
H31: Q4. Learnability | I31: Q4. Learnablity % | J31: Q5. Memorability | K31: Q5. Memorability % | L31: Q6. Performance | M31: Q6. Performance % | Q31: Question | R31: AVG | S31: STD | T31: SEM | U31: p-value
G32: 1 | H32: =COUNTIF($H$3:$H$24,G32) -> 0 | J32: =COUNTIF($J$3:$J$24,G32) -> 1 | K32: =J32/22 -> 0.045454545 | L32: =COUNTIF($L$3:$L$24,G32) -> 1 | M32: =L32/22 -> 0.045454545 | Q32: Q1 | R32: 8.5 | S32: 2.57 | T32: 0.535 | U32: 0.0105
G33: 2 | H33: =COUNTIF($H$3:$H$24,G33) -> 0 | J33: =COUNTIF($J$3:$J$24,G33) -> 0 | L33: =COUNTIF($L$3:$L$24,G33) -> 0 | Q33: Q2 | R33: 8.72 | S33: 2.33 | T33: 0.486 | U33: 0.0018
G34: 3 | H34: =COUNTIF($H$3:$H$24,G34) -> 0 | J34: =COUNTIF($J$3:$J$24,G34) -> 0 | L34: =COUNTIF($L$3:$L$24,G34) -> 0 | Q34: Q3 | R34: 9.86 | S34: 0.63 | T34: 0.13 | U34: 0.0001
G35: 4 | H35: =COUNTIF($H$3:$H$24,G35) -> 0 | J35: =COUNTIF($J$3:$J$24,G35) -> 0 | L35: =COUNTIF($L$3:$L$24,G35) -> 1 | M35: =L35/22 -> 0.045454545 | Q35: Q4 | R35: 9.63 | S35: 1.32 | T35: 0.275 | U35: 0.0001
G36: 5 | H36: =COUNTIF($H$3:$H$24,G36) -> 1 | I36: =H36/22 -> 0.045454545 | J36: =COUNTIF($J$3:$J$24,G36) -> 0 | L36: =COUNTIF($L$3:$L$24,G36) -> 0
G37: 6 | H37: =COUNTIF($H$3:$H$24,G37) -> 2 | I37: =H37/22 -> 0.090909091 | J37: =COUNTIF($J$3:$J$24,G37) -> 1 | K37: =J37/22 -> 0.045454545 | L37: =COUNTIF($L$3:$L$24,G37) -> 0
G38: 7 | H38: =COUNTIF($H$3:$H$24,G38) -> 0 | J38: =COUNTIF($J$3:$J$24,G38) -> 0 | L38: =COUNTIF($L$3:$L$24,G38) -> 2 | M38: =L38/22 -> 0.090909091 | R38: =AVERAGE(R32:R35) -> 9.1775
G39: 8 | H39: =COUNTIF($H$3:$H$24,G39) -> 4 | I39: =H39/22 -> 0.18181818 | J39: =COUNTIF($J$3:$J$24,G39) -> 1 | K39: =J39/22 -> 0.045454545 | L39: =COUNTIF($L$3:$L$24,G39) -> 4 | M39: =L39/22 -> 0.18181818
G40: 9 | H40: =COUNTIF($H$3:$H$24,G40) -> 1 | I40: =H40/22 -> 0.045454545 | J40: =COUNTIF($J$3:$J$24,G40) -> 2 | K40: =J40/22 -> 0.090909091 | L40: =COUNTIF($L$3:$L$24,G40) -> 3 | M40: =L40/22 -> 0.13636364
G41: 10 | H41: =COUNTIF($H$3:$H$24,G41) -> 14 | I41: =H41/22 -> 0.63636364 | J41: =COUNTIF($J$3:$J$24,G41) -> 17 | K41: =J41/22 -> 0.77272727 | L41: =COUNTIF($L$3:$L$24,G41) -> 11 | M41: =L41/22 -> 0.5
H45: Q7. Tension and Frustration | I45: % | J45: Q8. Usage of VR Equipment | L45: Q9. Robo Instructions & Hints
G46: 1 | H46: =COUNTIF($N$3:$N$24,G46) -> 1 | I46: =H46/22 -> 0.045454545 | J46: =COUNTIF($P$3:$P$24,G46) -> 1 | K46: =J46/22 -> 0.045454545 | L46: =COUNTIF($R$3:$R$24,G46) -> 1 | M46: =L46/22 -> 0.045454545
B47: https://www.youtube.com/watch?v=Fv5dTnNjXG4 | G47: 2 | H47: =COUNTIF($N$3:$N$24,G47) -> 0 | J47: =COUNTIF($P$3:$P$24,G47) -> 0 | L47: =COUNTIF($R$3:$R$24,G47) -> 0
G48: 3 | H48: =COUNTIF($N$3:$N$24,G48) -> 1 | I48: =H48/22 -> 0.045454545 | J48: =COUNTIF($P$3:$P$24,G48) -> 0 | L48: =COUNTIF($R$3:$R$24,G48) -> 0
G49: 4 | H49: =COUNTIF($N$3:$N$24,G49) -> 0 | J49: =COUNTIF($P$3:$P$24,G49) -> 1 | K49: =J49/22 -> 0.045454545 | L49: =COUNTIF($R$3:$R$24,G49) -> 0
G50: 5 | H50: =COUNTIF($N$3:$N$24,G50) -> 1 | I50: =H50/22 -> 0.045454545 | J50: =COUNTIF($P$3:$P$24,G50) -> 0 | L50: =COUNTIF($R$3:$R$24,G50) -> 0
G51: 6 | H51: =COUNTIF($N$3:$N$24,G51) -> 1 | I51: =H51/22 -> 0.045454545 | J51: =COUNTIF($P$3:$P$24,G51) -> 0 | L51: =COUNTIF($R$3:$R$24,G51) -> 0
G52: 7 | H52: =COUNTIF($N$3:$N$24,G52) -> 1 | I52: =H52/22 -> 0.045454545 | J52: =COUNTIF($P$3:$P$24,G52) -> 3 | K52: =J52/22 -> 0.13636364 | L52: =COUNTIF($R$3:$R$24,G52) -> 1 | M52: =L52/22 -> 0.045454545
G53: 8 | H53: =COUNTIF($N$3:$N$24,G53) -> 2 | I53: =H53/22 -> 0.090909091 | J53: =COUNTIF($P$3:$P$24,G53) -> 1 | K53: =J53/22 -> 0.045454545 | L53: =COUNTIF($R$3:$R$24,G53) -> 1 | M53: =L53/22 -> 0.045454545
G54: 9 | H54: =COUNTIF($N$3:$N$24,G54) -> 1 | I54: =H54/22 -> 0.045454545 | J54: =COUNTIF($P$3:$P$24,G54) -> 2 | K54: =J54/22 -> 0.090909091 | L54: =COUNTIF($R$3:$R$24,G54) -> 1 | M54: =L54/22 -> 0.045454545
G55: 10 | H55: =COUNTIF($N$3:$N$24,G55) -> 14 | I55: =H55/22 -> 0.63636364 | J55: =COUNTIF($P$3:$P$24,G55) -> 14 | K55: =J55/22 -> 0.63636364 | L55: =COUNTIF($R$3:$R$24,G55) -> 18 | M55: =L55/22 -> 0.81818182
H62: Q1. Ease of Usage | I62: % | J62: Q2. Ease of Usage | K62: % | L62: Q3. Texts and Colors | M62: %
G63: 1 | H63: =COUNTIF($B$3:$B$24,G63) -> 0 | J63: =COUNTIF($D$3:$D$24,G63) -> 0 | L63: =COUNTIF($F$3:$F$24,G63) -> 0
G64: 2 | H64: =COUNTIF($B$3:$B$24,G64) -> 0 | J64: =COUNTIF($D$3:$D$24,G64) -> 0 | L64: =COUNTIF($F$3:$F$24,G64) -> 1 | M64: =L64/22 -> 0.045454545
G65: 3 | H65: =COUNTIF($B$3:$B$24,G65) -> 1 | I65: =H65/22 -> 0.045454545 | J65: =COUNTIF($D$3:$D$24,G65) -> 0 | L65: =COUNTIF($F$3:$F$24,G65) -> 0
G66: 4 | H66: =COUNTIF($B$3:$B$24,G66) -> 0 | J66: =COUNTIF($D$3:$D$24,G66) -> 1 | K66: =J66/22 -> 0.045454545 | L66: =COUNTIF($F$3:$F$24,G66) -> 0
G67: 5 | H67: =COUNTIF($B$3:$B$24,G67) -> 3 | I67: =H67/22 -> 0.13636364 | J67: =COUNTIF($D$3:$D$24,G67) -> 0 | L67: =COUNTIF($F$3:$F$24,G67) -> 3 | M67: =L67/22 -> 0.13636364
G68: 6 | H68: =COUNTIF($B$3:$B$24,G68) -> 1 | I68: =H68/22 -> 0.045454545 | J68: =COUNTIF($D$3:$D$24,G68) -> 2 | K68: =J68/22 -> 0.090909091 | L68: =COUNTIF($F$3:$F$24,G68) -> 0
G69: 7 | H69: =COUNTIF($B$3:$B$24,G69) -> 1 | I69: =H69/22 -> 0.045454545 | J69: =COUNTIF($D$3:$D$24,G69) -> 2 | K69: =J69/22 -> 0.090909091 | L69: =COUNTIF($F$3:$F$24,G69) -> 3 | M69: =L69/22 -> 0.13636364
G70: 8 | H70: =COUNTIF($B$3:$B$24,G70) -> 3 | I70: =H70/22 -> 0.13636364 | J70: =COUNTIF($D$3:$D$24,G70) -> 0 | L70: =COUNTIF($F$3:$F$24,G70) -> 4 | M70: =L70/22 -> 0.18181818
G71: 9 | H71: =COUNTIF($B$3:$B$24,G71) -> 2 | I71: =H71/22 -> 0.090909091 | J71: =COUNTIF($D$3:$D$24,G71) -> 1 | K71: =J71/22 -> 0.045454545 | L71: =COUNTIF($F$3:$F$24,G71) -> 0
G72: 10 | H72: =COUNTIF($B$3:$B$24,G72) -> 11 | I72: =H72/22 -> 0.5 | J72: =COUNTIF($D$3:$D$24,G72) -> 16 | K72: =J72/22 -> 0.72727273 | L72: =COUNTIF($F$3:$F$24,G72) -> 11 | M72: =L72/22 -> 0.5
H79: Q12. Satisfaction and Gamification | I79: %
G80: 1 | H80: =COUNTIF($W$3:$W$24,G80) -> 0
G81: 2 | H81: =COUNTIF($W$3:$W$24,G81) -> 0
G82: 3 | H82: =COUNTIF($W$3:$W$24,G82) -> 0
G83: 4 | H83: =COUNTIF($W$3:$W$24,G83) -> 1 | I83: =H83/22 -> 0.045454545
G84: 5 | H84: =COUNTIF($W$3:$W$24,G84) -> 0
G85: 6 | H85: =COUNTIF($W$3:$W$24,G85) -> 0
G86: 7 | H86: =COUNTIF($W$3:$W$24,G86) -> 0
G87: 8 | H87: =COUNTIF($W$3:$W$24,G87) -> 1 | I87: =H87/22 -> 0.045454545
G88: 9 | H88: =COUNTIF($W$3:$W$24,G88) -> 0
G89: 10 | H89: =COUNTIF($W$3:$W$24,G89) -> 20 | I89: =H89/22 -> 0.90909091

Sheet Form responses 1-means-std
B1: Q1 | D1: Q2 | F1: Q3 | H1: Q4 | J1: Q5 | L1: Q6 | N1: Q7 | P1: Q8 | R1: Q9 | S1: Q10 | U1: Q11 | W1: Q12 | X1: Q13 | Y1: Q13 | Z1: Q14 | AA1: Q14 | AB1: Q15 | AC1: Q15 | AD1: Q15 | AE1: Q16 | AF1: Q17 | AG1: Q17 | AI1: Q18 | AJ1: Q19 | AK1: Q20 | AL1: Q20 | AM1: Q21 | AN1: Q22 | AO1: Q23 | AP1: Q23 | AQ1: Q24 | AR1: Q24
A2: Timestamp | B2: Did you find it easy to find the required buttons? (1 for very hard and 10 for very easy) | C2: Any comment about the point? | D2: Did you recognize different icons and labels? (1 for very hard and 10 for very easy) | E2: Any comment about the point? | F2: Text and colors were easy for the eyes? (1 for no and 10 for yes) | G2: Any comment about the point? | H2: The application is easy to use with minimum instructions from the tester. (1 for no and 10 for yes) | I2: Any comment about the point? | J2: Steps are easy to follow, and buttons are easy to remember (1 for no and 10 for yes) | K2: Any comment about the point? | L2: You managed to finish the tasks as fast as possible. (1 for no and 10 for yes) | M2: Any comment about the point? | N2: Q1.Everything was clear and easy to preform without frustration (1 for no and 10 for yes) | O2: Any comment about the point? | P2: You managed to perform well in labs without difficulties in using the VR equipment | Q2: Any comment about the point? | R2: You managed to perform well in labs by hearing ROBO instructions and following them. | S2: ROBO instructions were clear and easy to follow | T2: Any comment about the point? | U2: Q3. You found the application interesting. (1 for no and 10 for yes) | V2: Any comment about the point? | W2: Q4. You found the gamification functions fun and encouraged competitive behavior. . (1 for no and 10 for yes) | X2: Was the application appealing in term of colors and visuals? | Y2: Was the application appealing in term of colors and visuals? | Z2: Was the navigation through the application easy and understandable? | AA2: Was the navigation through the application easy and understandable? | AB2: Was the interface crowded and hard to use? | AC2: Hardship | AD2: Opposite | AE2: Were the icons related to the information presented? | AF2: Does the app appearance consistent? | AI2: was the app fast to preform a task? | AJ2: Was it easy to go back to previous pages? | AK2: Could you use the application without instructions? | AL2: Could you use the application without instructions? | AM2: Did you manage to achieve the goal of the application? | AN2: What parts of the application did you think represented game aspects and were fun to experience? | AO2: Would you use the application in your education if available to you? | AP2: Would you use the application in your education if available to you? | AQ2: Would you recommend the application to other people? | AR2: Would you recommend the application to other people?
A3: 45357.411 | B3: 5 | C3: - | D3: 7 | E3: The text of small bottons that were on the board are soo small and not clear | F3: 7 | G3: Some colors weren't clear (especially when we had to wires) while when i had multiple wires they were clear | H3: 10 | I3: - | J3: 10 | K3: - | L3: 8 | M3: - | N3: 10 | O3: - | P3: 7 | R3: 10 | S3: 10 | U3: 10 | W3: 10 | X3: Yes it was so appealing and the colors/visuals were very attractive | Y3: 10 | Z3: Yes it was easy and understandable, once you get used to it becomes so much easier | AA3: 8 | AB3: No, the interface was easy to use and everything is well organized | AC3: 1 | AD3: =2*(6-AC3) -> 10 | AE3: Yes they were | AF3: Yes, the only problem was that the text was small for the small parts on the board | AG3: 7 | AH3: 1 | AI3: Yes | AJ3: Yes | AK3: Yes since there's a hint, you only need to use it for the first time with instructions later there's no need. | AL3: 9 | AM3: Yes | AN3: Everything was interesting and fun since I don't have any experience in labs. | AO3: Yes sure! | AP3: 10 | AQ3: Definitely yes! | AR3: 10
A4: 45357.45 | B4: 8 | C4: No everything easy | D4: 6 | E4: No | F4: 10 | G4: No it was easy | H4: 6 | I4: No | J4: 10 | K4: The hints helped me a lot and it was easy to follow | L4: 9 | M4: No | N4: 7 | O4: Sometimes it lagged but other things were good | P4: 7 | Q4: No | R4: 10 | S4: 10 | T4: The robot was easy to follow with | U4: 10 | V4: First time using this application it was fun | W4: 8 | X4: Yes the colors and visuals were good | Y4: 10 | Z4: Yes everything was simple and easy with ROBO the robot | AA4: 10 | AB4: No it was good | AC4: 1 | AD4: =2*(6-AC4) -> 10 | AE4: Yes all the information were related | AF4: Yes | AG4: 9 | AH4: 3 | AI4: Kind of yes it just lagged a bit | AJ4: Yes there was an exit button | AK4: No I used the instructions from the powerpoint | AL4: 7 | AM4: Yes | AN4: Putting all the chips and wires together | AO4: Yes it helped understanding me where all the wires went | AP4: 10 | AQ4: Yes | AR4: 8
A5: 45357.477 | B5: 3 | D5: 4 | F5: 8 | H5: 6 | J5: 9 | L5: 4 | N5: 3 | P5: 4 | R5: 7 | S5: 6 | U5: 10 | V5: Good luck on it 🩷 it is good but the vr tool little bit hard to use | W5: 4 | X5: Yes | Y5: 9 | Z5: Kind of yes | AA5: 7 | AB5: Hard to type in | AC5: 5 | AD5: =2*(6-AC5) -> 2 | AE5: Yes | AF5: Yes | AG5: 9 | AH5: 3 | AI5: No | AJ5: No | AK5: No | AL5: 5 | AM5: Kind of yes | AN5: Starting the circuit | AO5: Yes | AP5: 10 | AQ5: Yes for the it people | AR5: 8
A6: 45357.584 | B6: 9 | D6: 10 | F6: 7 | H6: 10 | J6: 10 | L6: 7 | M6: I suggest adding another hand | N6: 6 | O6: It was hard sometimes to focus | P6: 10 | R6: 10 | S6: 10 | T6: Robo was very helpful | U6: 10 | V6: I would like to use it in our labs | W6: 10 | X6: Yes | Y6: 9 | Z6: Yes | AA6: 8 | AB6: No | AC6: 1 | AD6: =2*(6-AC6) -> 10 | AE6: Yes | AF6: Yes | AG6: 9 | AH6: 3 | AI6: Sometime its hard | AJ6: Yes | AK6: Maybe after some time of practice | AL6: 6 | AM6: Yes | AN6: To get the result that i was excepting from the lab | AO6: Yes | AP6: 10 | AQ6: Yes definitely | AR6: 10
A7: 45357.615 | B7: 8 | D7: 7 | F7: 5 | G7: The colors weren't very clear they both looked black but I could separate them. And some writing was too small I couldn't read it | H7: 10 | J7: 10 | L7: 8 | N7: 10 | P7: 10 | R7: 10 | S7: 10 | T7: Maybe add captions to the wires so I know where to put them | U7: 10 | V7: Very interesting it was very fun | W7: 10 | X7: Yes | Y7: 9 | Z7: Yes very clear but the font was too small | AA7: 7 | AB7: No | AC7: 1 | AD7: =2*(6-AC7) -> 10 | AE7: Yes | AF7: Yes | AG7: 9 | AH7: 3 | AI7: Yes but a little laggy | AJ7: Not really it erased what I wrote before | AK7: Yes | AL7: 10 | AM7: Yes | AN7: I liked experimenting with the wires and doing the labs and I loved the leaderboard | AO7: Definitely it's very fun | AP7: 10 | AQ7: Yes | AR7: 8
A8: 45357.634 | B8: 10 | C8: No | D8: 10 | E8: No | F8: 10 | G8: No | H8: 10 | I8: No | J8: 10 | K8: No | L8: 10 | M8: No | N8: 10 | O8: No | P8: 10 | Q8: No | R8: 10 | S8: 10 | T8: No | U8: 10 | V8: No | W8: 10 | X8: Yes nice | Y8: 10 | Z8: Sureee | AA8: 9 | AB8: No | AC8: 1 | AD8: =2*(6-AC8) -> 10 | AE8: Yes | AF8: Stable | AG8: 8 | AH8: 2 | AI8: Yes | AJ8: Yes cool | AK8: Yes | AL8: 10 | AM8: Yep | AN8: Build | AO8: نعم ينفع جدا خصوصا للصغار | AP8: 10 | AQ8: لاشي | AR8: 6
A9: 45357.675 | B9: 9 | C9: somtimes when you click it slips to the other nearby buttons | D9: 10 | F9: 10 | H9: 10 | J9: 10 | L9: 10 | N9: 10 | P9: 9 | Q9: i think the colors of the wires should be a little but brighter | R9: 10 | S9: 10 | U9: 10 | W9: 10 | X9: yes, especially the little robot he was so cute, however the texts sometimes appears shaky especially when you move your head | Y9: 8 | Z9: it was very easy just like regular mobile apps | AA9: 9 | AB9: no, it was actually very simple and clear | AC9: 1 | AD9: =2*(6-AC9) -> 10 | AE9: yes it was obvious what they represent | AF9: yes, it’s consistent in style and doesn’t look patchy | AG9: 7 | AH9: 1 | AI9: yes, but i struggled a tiny bit while pressing buttons since it kinda slip, but overall it’s not that hard or frustrating | AJ9: yes you just click a simple back button | AK9: yes since it is clear and already has a cute little instructor (robo) | AL9: 10 | AM9: yes i built a fully functioning logical circuit | AN9: the limited hearts made me think twice about the placement so i don’t lose, and it’s fun to compete with your colleagues in the leaderboard | AO9: yes, it’s as good as the real lab | AP9: 10 | AQ9: definitely | AR9: 10
A10: 45357.773 | B10: 5 | D10: 10 | F10: 5 | H10: 8 | J10: 1 | L10: 1 | N10: 1 | P10: 1 | R10: 10 | S10: 10 | U10: 10 | W10: 10 | X10: Yes | Y10: 9 | Z10: Yes but by practicing | AA10: 8 | AB10: No | AC10: 1 | AD10: =2*(6-AC10) -> 10 | AE10: Yes | AF10: Yes | AG10: 9 | AH10: 3 | AI10: No, I had some difficulty to drag and drop the wires , but again I think by practicing it can be easier to done faster. | AJ10: Sometimes, I face difficulties to find back button because it doesn’t show up to me. It shows after I press multiples times. | AK10: Maybe | AL10: 7 | AM10: Yes | AN10: The physical board with wires and other components. | AO10: Yes, but I suggest to make in Arabic language also the other languages, and about the instructions,I don’t think it enough to understand the subject, put even though it can be improve it by time. | AP10: 10 | AQ10: Yes for sure | AR10: 8
A11: 45357.889 | B11: 6 | D11: 10 | E11: Perfect | F11: 8 | H11: 8 | J11: 9 | L11: 9 | N11: 8 | P11: 8 | R11: 9 | S11: 10 | U11: 10 | W11: 10 | X11: Yes | Y11: 9 | Z11: yes | AA11: 9 | AB11: No | AC11: 1 | AD11: =2*(6-AC11) -> 10 | AE11: Yes | AF11: Yes | AG11: 9 | AH11: 3 | AI11: yes | AJ11: yes | AK11: I think i need some help | AL11: 7 | AM11: Yes | AN11: Switching the LED ON AND OFF | AO11: Yes ofc | AP11: 10 | AQ11: yes | AR11: 8
A12: 45358.463 | B12: 10 | D12: 10 | F12: 7 | G12: The colors on the wires are a bit dark | H12: 8 | J12: 10 | L12: 10 | N12: 10 | P12: 10 | R12: 10 | S12: 10 | U12: 10 | W12: 10 | X12: Yes | Y12: 9 | Z12: Very easy | AA12: 10 | AB12: It wasn't crowder it was all organized and easy to use and easy to follow the instructions | AC12: 1 | AD12: =2*(6-AC12) -> 10 | AE12: Yes they were all related | AF12: It was all good and the appearance of the chips but the wire is a bit dark but still easy to know what color of yhe wire is | AG12: 7 | AH12: 2 | AI12: Yes | AJ12: Yes | AK12: Yes | AL12: 10 | AM12: Yes | AN12: The part were it showed me that I was wrong in some of the applications and I was very satisfied when it worked | AO12: Yes | AP12: 10 | AQ12: Yes, it helps a lot and shows how it can help knowing how a real bread board works | AR12: 10
A13: 45358.536 | B13: 5 | C13: Some buttons are a bit small maybe make them a bit bigger, sometimes there are many buttons so i get confused about which one to choose | D13: 10 | F13: 5 | G13: Yes it was easy for the eyes but the colors of the wires could be made clearer | H13: 8 | J13: 8 | L13: 9 | N13: 9 | P13: 9 | R13: 8 | S13: 8 | U13: 10 | W13: 10 | X13: Yes | Y13: 9 | Z13: Yes but sometimes i get confused which button to use | AA13: 7 | AB13: It was good | AC13: 1 | AD13: =2*(6-AC13) -> 10 | AE13: Yes | AF13: Yes but the sizes of text and buttons aren’t consistent | AG13: 7 | AH13: 2 | AI13: Yes | AJ13: I think so | AK13: Probably yes but it might take a bit of time | AL13: 8 | AM13: Yes | AN13: Learder board time and hearts | AO13: Yess , but i recommend not signing in with email as it takes time to type using vr, maybe use just the id of student | AP13: 8 | AQ13: Yess | AR13: 8
A14: 45358.558 | B14: 10 | D14: 10 | F14: 8 | G14: The texts are a bit unclear | H14: 10 | J14: 10 | L14: 8 | N14: 8 | P14: 10 | R14: 10 | S14: 10 | U14: 10 | W14: 10 | X14: Yes | Y14: 9 | Z14: Yes | AA14: 9 | AB14: No | AC14: 1 | AD14: =2*(6-AC14) -> 10 | AE14: Yes | AF14: Yes | AG14: 9 | AH14: 3 | AI14: It glitches when moving fast | AJ14: Yes | AK14: Yes | AL14: 10 | AM14: Yes | AN14: Performing the task was easy and well guided for someone who is playing for the first time | AO14: Yes, the application would make learning much more easier | AP14: 10 | AQ14: Yes | AR14: 8
A15: 45358.599 | B15: 8 | D15: 10 | F15: 8 | H15: 10 | J15: 10 | L15: 10 | N15: 10 | P15: 10 | R15: 10 | S15: 10 | U15: 10 | W15: 10 | X15: Yes but the light blue color is too light | Y15: 7 | Z15: Yes | AA15: 9 | AB15: No | AC15: 1 | AD15: =2*(6-AC15) -> 10 | AE15: Yes | AF15: Yes | AG15: 9 | AH15: 3 | AI15: Yes | AJ15: Yes | AK15: Yes | AL15: 10 | AM15: Yes | AN15: The way we can interact to build the circuit with instructions | AO15: Yes | AP15: 10 | AQ15: Yes to kids | AR15: 8
A16: 45358.698 | B16: 10 | D16: 9 | F16: 10 | G16: I like how the color is so comfy not red or that colors hurt your eyes | H16: 9 | J16: 10 | L16: 7 | M16: I tried to to do it correctly more that focusing in time | N16: 10 | P16: 10 | R16: 10 | S16: 10 | T16: I did know some information from my background but ROBO reminded me about point that I forget | U16: 10 | W16: 10 | X16: Yes ,it has clear and colorful colors with middle tone not high or low bright . | Y16: 6 | Z16: It was easy, but sometimes the click button (to go to next steps) I needed to be close more to the display to work successfully . | AA16: 6 | AB16: No , it has just what needed to be shown. | AC16: 1 | AD16: =2*(6-AC16) -> 10 | AE16: Yes , the tools of the experiment was close to the real ones. | AF16: Yes | AG16: 10 | AH16: 3 | AI16: Yes | AJ16: Yes , there was icon for going back | AK16: For me as IT Student yes I can , even for non IT students easy the application user friendly. | AL16: 9 | AM16: Yes | AN16: Part of experiment when putting the wires and gets into the breadboard | AO16: Of course, it’s explains everything relate to the course so well as the tools and what needed to use for + the rules of gates etc, it was so good for me. | AP16: 10 | AQ16: Yes they will get interest into VR &IT | AR16: 10
A17: 45358.721 | B17: 7 | C17: The structure of the wires needes fixing, it would be better if you provided real photos or demonstrational photos that would should show how it's implemented in real life and regarding to the placing of the wires signals I prefer you put a not on a side on what happened if you miss up or were the pin is heading in the breadboard | D17: 6 | E17: Just the arrangements of wires | F17: 2 | G17: Make it softer which is not too bright | H17: 5 | I17: No | J17: 6 | L17: 8 | M17: The more you get comfortable with the controls the better | N17: 5 | O17: Sometimes lags | P17: 7 | R17: 1 | S17: 8 | U17: 7 | W17: 10 | X17: No not really it was fine | Y17: 6 | Z17: Yeah | AA17: 9 | AB17: No | AC17: 1 | AD17: =2*(6-AC17) -> 10 | AE17: Yes | AF17: No needs fixing | AG17: 6 | AH17: 1 | AI17: No | AJ17: Yes there is a bit of a delay | AK17: No but yes without the voice | AL17: 6 | AM17: Yes | AN17: Placing wires | AO17: Yes | AP17: 10 | AQ17: Yes | AR17: 8
A18: 45358.768 | B18: 10 | D18: 10 | F18: 10 | H18: 10 | J18: 10 | L18: 10 | N18: 10 | P18: 10 | R18: 10 | S18: 10 | T18: He was cuteeee i liked him | U18: 10 | V18: I really likked the app , literally everything was amazing | W18: 10 | X18: Yes | Y18: 9 | Z18: Yes | AA18: 9 | AB18: nope | AC18: 1 | AD18: =2*(6-AC18) -> 10 | AE18: yess | AF18: Yeah | AG18: 10 | AH18: 3 | AI18: Reallly fastt | AJ18: Yess | AK18: Yes yes | AL18: 10 | AM18: Of course | AN18: Everything was enjoyable and fun | AO18: Yeahhh I really need it this course its really helpful | AP18: 10 | AQ18: I have already told my family also my friends about it 💗💗 | AR18: 10
A19: 45363.971 | B19: 10 | D19: 10 | F19: 10 | H19: 10 | J19: 10 | L19: 10 | N19: 10 | P19: 10 | R19: 10 | S19: 10 | U19: 10 | W19: 10 | X19: - | Y19: 5 | Z19: - | AA19: 5 | AB19: - | AC19: 3 | AD19: =2*(6-AC19) -> 6 | AE19: - | AF19: - | AG19: 5 | AH19: 2 | AI19: - | AJ19: - | AK19: - | AL19: 5 | AM19: - | AN19: - | AO19: - | AP19: 5 | AQ19: - | AR19: 5
A20: 45363.972 | B20: 10 | D20: 10 | F20: 10 | H20: 10 | J20: 10 | L20: 10 | N20: 10 | P20: 10 | R20: 10 | S20: 10 | U20: 10 | W20: 10 | X20: - | Y20: 5 | Z20: - | AA20: 5 | AB20: - | AC20: 3 | AD20: =2*(6-AC20) -> 6 | AE20: - | AF20: - | AG20: 5 | AH20: 2 | AI20: - | AJ20: - | AK20: - | AL20: 5 | AM20: - | AN20: - | AO20: - | AP20: 5 | AQ20: - | AR20: 5
A21: 45363.972 | B21: 10 | D21: 10 | F21: 10 | H21: 10 | J21: 10 | L21: 10 | N21: 10 | P21: 10 | R21: 10 | S21: 10 | U21: 10 | W21: 10 | X21: - | Y21: 5 | Z21: - | AA21: 5 | AB21: - | AC21: 3 | AD21: =2*(6-AC21) -> 6 | AE21: - | AF21: - | AG21: 5 | AH21: 2 | AI21: - | AJ21: - | AK21: - | AL21: 5 | AM21: - | AN21: - | AO21: - | AP21: 5 | AQ21: - | AR21: 5
A22: 45363.973 | B22: 10 | D22: 10 | F22: 10 | H22: 10 | J22: 10 | L22: 10 | N22: 10 | P22: 10 | R22: 10 | S22: 10 | U22: 10 | W22: 10 | X22: - | Y22: 5 | Z22: - | AA22: 5 | AB22: - | AC22: 4 | AD22: =2*(6-AC22) -> 4 | AE22: - | AF22: - | AG22: 5 | AH22: 2 | AI22: - | AJ22: - | AK22: - | AL22: 5 | AM22: - | AN22: - | AO22: - | AP22: 5 | AQ22: - | AR22: 5
A23: 45363.974 | B23: 10 | D23: 10 | F23: 10 | H23: 10 | J23: 10 | L23: 10 | N23: 10 | P23: 10 | R23: 10 | S23: 10 | U23: 10 | W23: 10 | X23: - | Y23: 5 | Z23: - | AA23: 5 | AB23: - | AC23: 4 | AD23: =2*(6-AC23) -> 4 | AE23: - | AF23: - | AG23: 5 | AH23: 2 | AI23: - | AJ23: - | AK23: - | AL23: 5 | AM23: - | AN23: - | AO23: - | AP23: 5 | AQ23: - | AR23: 5
A24: 45363.975 | B24: 10 | D24: 10 | F24: 10 | H24: 10 | J24: 10 | L24: 10 | N24: 10 | P24: 10 | R24: 10 | S24: 10 | U24: 10 | W24: 10 | X24: - | Y24: 5 | Z24: - | AA24: 5 | AB24: - | AC24: 4 | AD24: =2*(6-AC24) -> 4 | AE24: - | AF24: - | AG24: 5 | AH24: 2 | AI24: - | AJ24: - | AK24: - | AL24: 5 | AM24: - | AN24: - | AO24: - | AP24: 5 | AQ24: - | AR24: 5
A26: Mean | B26: =AVERAGE(B3:B24) -> 8.3181818 | C26: =AVERAGE(C3:C24) -> #DIV/0! | D26: =AVERAGE(D3:D24) -> 9.0454545 | E26: =AVERAGE(E3:E24) -> #DIV/0! | F26: =AVERAGE(F3:F24) -> 8.1818182 | G26: =AVERAGE(G3:G24) -> #DIV/0! | H26: =AVERAGE(H3:H24) -> 9 | I26: =AVERAGE(I3:I24) -> #DIV/0! | ... AB26: =AVERAGE(AB3:AB24) -> #DIV/0! | AD26: =AVERAGE(AD3:AD24) -> 8.2727273 | AE26: =AVERAGE(AE3:AE24) -> #DIV/0! | AF26: =AVERAGE(AF3:AF24) -> #DIV/0! | AG26: =AVERAGE(AG3:AG24) -> 7.4545455 | AH26: =10*AVERAGE(AH3:AH24)/3 -> 7.7272727 | AI26: =AVERAGE(AI3:AI24) -> #DIV/0! | AJ26: =AVERAGE(AJ3:AJ24) -> #DIV/0! | AK26: =AVERAGE(AK3:AK24) -> #DIV/0! | AL26: =AVERAGE(AL3:AL24) -> 7.4545455 | AM26: =AVERAGE(AM3:AM24) -> #DIV/0! | AN26: =AVERAGE(AN3:AN24) -> #DIV/0! | AO26: =AVERAGE(AO3:AO24) -> #DIV/0! | AP26: =AVERAGE(AP3:AP24) -> 8.5454545 | ... AR26: =AVERAGE(AR3:AR24) -> 7.6363636
A27: STD | B27: =_xlfn.STDEV.S(B3:B24) -> 2.1905938 | C27: =_xlfn.STDEV.S(C3:C24) -> #DIV/0! | D27: =_xlfn.STDEV.S(D3:D24) -> 1.7855844 | E27: =_xlfn.STDEV.S(E3:E24) -> #DIV/0! | F27: =_xlfn.STDEV.S(F3:F24) -> 2.2811101 | G27: =_xlfn.STDEV.S(G3:G24) -> #DIV/0! | H27: =_xlfn.STDEV.S(H3:H24) -> 1.5735916 | I27: =_xlfn.STDEV.S(I3:I24) -> #DIV/0! | ... AB27: =_xlfn.STDEV.S(AB3:AB24) -> #DIV/0! | AD27: =_xlfn.STDEV.S(AD3:AD24) -> 2.7112081 | AE27: =_xlfn.STDEV.S(AE3:AE24) -> #DIV/0! | AF27: =_xlfn.STDEV.S(AF3:AF24) -> #DIV/0! | AG27: =_xlfn.STDEV.S(AG3:AG24) -> 1.8446131 | AH27: =10*_xlfn.STDEV.S(AH3:AH24)/3 -> 2.3874371 | AI27: =_xlfn.STDEV.S(AI3:AI24) -> #DIV/0! | AJ27: =_xlfn.STDEV.S(AJ3:AJ24) -> #DIV/0! | AK27: =_xlfn.STDEV.S(AK3:AK24) -> #DIV/0! | AL27: =_xlfn.STDEV.S(AL3:AL24) -> 2.1542267 | AM27: =_xlfn.STDEV.S(AM3:AM24) -> #DIV/0! | AN27: =_xlfn.STDEV.S(AN3:AN24) -> #DIV/0! | AO27: =_xlfn.STDEV.S(AO3:AO24) -> #DIV/0! | AP27: =_xlfn.STDEV.S(AP3:AP24) -> 2.2620529 | ... AR27: =_xlfn.STDEV.S(AR3:AR24) -> 1.9406787
Q29: sample =23 | R29: one sample t-test
Q30: Hypothetical mean value=7
Q31: Question | R31: AVG | S31: STD | T31: SEM | U31: p-value
Q32: Q1 | R32: 8.5 | S32: 2.57 | T32: 0.535 | U32: 0.0105
Q33: Q2 | R33: 8.72 | S33: 2.33 | T33: 0.486 | U33: 0.0018
Q34: Q3 | R34: 9.86 | S34: 0.63 | T34: 0.13 | U34: 0.0001
Q35: Q4 | R35: 9.63 | S35: 1.32 | T35: 0.275 | U35: 0.0001
R38: =AVERAGE(R32:R35) -> 9.1775

Sheet Form responses -raw
B1: Q1 | D1: Q2 | F1: Q3 | H1: Q4 | J1: Q5 | L1: Q6 | N1: Q7 | P1: Q8 | R1: Q9 | S1: Q10 | U1: Q11 | W1: Q12 | X1: Q13 | Y1: Q14 | Z1: Q15 | AA1: Q16 | AB1: Q17 | AC1: Q18 | AD1: Q19 | AE1: Q20 | AF1: Q21 | AG1: Q22 | AH1: Q23 | AI1: Q24
A2: Timestamp | B2: Did you find it easy to find the required buttons? (1 for very hard and 10 for very easy) | C2: Any comment about the point? | D2: Did you recognize different icons and labels? (1 for very hard and 10 for very easy) | E2: Any comment about the point? | F2: Text and colors were easy for the eyes? (1 for no and 10 for yes) | G2: Any comment about the point? | H2: The application is easy to use with minimum instructions from the tester. (1 for no and 10 for yes) | I2: Any comment about the point? | J2: Steps are easy to follow, and buttons are easy to remember (1 for no and 10 for yes) | K2: Any comment about the point? | L2: You managed to finish the tasks as fast as possible. (1 for no and 10 for yes) | M2: Any comment about the point? | N2: Everything was clear and easy to preform without frustration (1 for no and 10 for yes) | O2: Any comment about the point? | P2: You managed to perform well in labs without difficulties in using the VR equipment | Q2: Any comment about the point? | R2: You managed to perform well in labs by hearing ROBO instructions and following them. | S2: ROBO instructions were clear and easy to follow | T2: Any comment about the point? | U2: You found the application interesting. (1 for no and 10 for yes) | V2: Any comment about the point? | W2: You found the gamification functions fun and encouraged competitive behavior. . (1 for no and 10 for yes) | X2: Was the application appealing in term of colors and visuals? | Y2: Was the navigation through the application easy and understandable? | Z2: Was the interface crowded and hard to use? | AA2: Were the icons related to the information presented? | AB2: Does the app appearance consistent? | AC2: was the app fast to preform a task? | AD2: Was it easy to go back to previous pages? | AE2: Could you use the application without instructions? | AF2: Did you manage to achieve the goal of the application? | AG2: What parts of the application did you think represented game aspects and were fun to experience? | AH2: Would you use the application in your education if available to you? | AI2: Would you recommend the application to other people?
A3: 45357.411 | B3: 5 | C3: - | D3: 7 | E3: The text of small bottons that were on the board are soo small and not clear | F3: 7 | G3: Some colors weren't clear (especially when we had to wires) while when i had multiple wires they were clear | H3: 10 | I3: - | J3: 10 | K3: - | L3: 8 | M3: - | N3: 10 | O3: - | P3: 7 | R3: 10 | S3: 10 | U3: 10 | W3: 10 | X3: Yes it was so appealing and the colors/visuals were very attractive | Y3: Yes it was easy and understandable, once you get used to it becomes so much easier | Z3: No, the interface was easy to use and everything is well organized | AA3: Yes they were | AB3: Yes, the only problem was that the text was small for the small parts on the board | AC3: Yes | AD3: Yes | AE3: Yes since there's a hint, you only need to use it for the first time with instructions later there's no need. | AF3: Yes | AG3: Everything was interesting and fun since I don't have any experience in labs. | AH3: Yes sure! | AI3: Definitely yes!
A4: 45357.45 | B4: 8 | C4: No everything easy | D4: 6 | E4: No | F4: 10 | G4: No it was easy | H4: 6 | I4: No | J4: 10 | K4: The hints helped me a lot and it was easy to follow | L4: 9 | M4: No | N4: 7 | O4: Sometimes it lagged but other things were good | P4: 7 | Q4: No | R4: 10 | S4: 10 | T4: The robot was easy to follow with | U4: 10 | V4: First time using this application it was fun | W4: 8 | X4: Yes the colors and visuals were good | Y4: Yes everything was simple and easy with ROBO the robot | Z4: No it was good | AA4: Yes all the information were related | AB4: Yes | AC4: Kind of yes it just lagged a bit | AD4: Yes there was an exit button | AE4: No I used the instructions from the powerpoint | AF4: Yes | AG4: Putting all the chips and wires together | AH4: Yes it helped understanding me where all the wires went | AI4: Yes
A5: 45357.477 | B5: 3 | D5: 4 | F5: 8 | H5: 6 | J5: 9 | L5: 4 | N5: 3 | P5: 4 | R5: 7 | S5: 6 | U5: 10 | V5: Good luck on it 🩷 it is good but the vr tool little bit hard to use | W5: 4 | X5: Yes | Y5: Kind of yes | Z5: Hard to type in | AA5: Yes | AB5: Yes | AC5: No | AD5: No | AE5: No | AF5: Kind of yes | AG5: Starting the circuit | AH5: Yes | AI5: Yes for the it people
A6: 45357.584 | B6: 9 | D6: 10 | F6: 7 | H6: 10 | J6: 10 | L6: 7 | M6: I suggest adding another hand | N6: 6 | O6: It was hard sometimes to focus | P6: 10 | R6: 10 | S6: 10 | T6: Robo was very helpful | U6: 10 | V6: I would like to use it in our labs | W6: 10 | X6: Yes | Y6: Yes | Z6: No | AA6: Yes | AB6: Yes | AC6: Sometime its hard | AD6: Yes | AE6: Maybe after some time of practice | AF6: Yes | AG6: To get the result that i was excepting from the lab | AH6: Yes | AI6: Yes definitely
A7: 45357.615 | B7: 8 | D7: 7 | F7: 5 | G7: The colors weren't very clear they both looked black but I could separate them. And some writing was too small I couldn't read it | H7: 10 | J7: 10 | L7: 8 | N7: 10 | P7: 10 | R7: 10 | S7: 10 | T7: Maybe add captions to the wires so I know where to put them | U7: 10 | V7: Very interesting it was very fun | W7: 10 | X7: Yes | Y7: Yes very clear but the font was too small | Z7: No | AA7: Yes | AB7: Yes | AC7: Yes but a little laggy | AD7: Not really it erased what I wrote before | AE7: Yes | AF7: Yes | AG7: I liked experimenting with the wires and doing the labs and I loved the leaderboard | AH7: Definitely it's very fun | AI7: Yes
A8: 45357.634 | B8: 10 | C8: No | D8: 10 | E8: No | F8: 10 | G8: No | H8: 10 | I8: No | J8: 10 | K8: No | L8: 10 | M8: No | N8: 10 | O8: No | P8: 10 | Q8: No | R8: 10 | S8: 10 | T8: No | U8: 10 | V8: No | W8: 10 | X8: Yes nice | Y8: Sureee | Z8: No | AA8: Yes | AB8: Stable | AC8: Yes | AD8: Yes cool | AE8: Yes | AF8: Yep | AG8: Build | AH8: نعم ينفع جدا خصوصا للصغار | AI8: لاشي
A9: 45357.675 | B9: 9 | C9: somtimes when you click it slips to the other nearby buttons | D9: 10 | F9: 10 | H9: 10 | J9: 10 | L9: 10 | N9: 10 | P9: 9 | Q9: i think the colors of the wires should be a little but brighter | R9: 10 | S9: 10 | U9: 10 | W9: 10 | X9: yes, especially the little robot he was so cute, however the texts sometimes appears shaky especially when you move your head | Y9: it was very easy just like regular mobile apps | Z9: no, it was actually very simple and clear | AA9: yes it was obvious what they represent | AB9: yes, it’s consistent in style and doesn’t look patchy | AC9: yes, but i struggled a tiny bit while pressing buttons since it kinda slip, but overall it’s not that hard or frustrating | AD9: yes you just click a simple back button | AE9: yes since it is clear and already has a cute little instructor (robo) | AF9: yes i built a fully functioning logical circuit | AG9: the limited hearts made me think twice about the placement so i don’t lose, and it’s fun to compete with your colleagues in the leaderboard | AH9: yes, it’s as good as the real lab | AI9: definitely
A10: 45357.773 | B10: 5 | D10: 10 | F10: 5 | H10: 8 | J10: 1 | L10: 1 | N10: 1 | P10: 1 | R10: 10 | S10: 10 | U10: 10 | W10: 10 | X10: Yes | Y10: Yes but by practicing | Z10: No | AA10: Yes | AB10: Yes | AC10: No, I had some difficulty to drag and drop the wires , but again I think by practicing it can be easier to done faster. | AD10: Sometimes, I face difficulties to find back button because it doesn’t show up to me. It shows after I press multiples times. | AE10: Maybe | AF10: Yes | AG10: The physical board with wires and other components. | AH10: Yes, but I suggest to make in Arabic language also the other languages, and about the instructions,I don’t think it enough to understand the subject, put even though it can be improve it by time. | AI10: Yes for sure
A11: 45357.889 | B11: 6 | D11: 10 | E11: Perfect | F11: 8 | H11: 8 | J11: 9 | L11: 9 | N11: 8 | P11: 8 | R11: 9 | S11: 10 | U11: 10 | W11: 10 | X11: Yes | Y11: yes | Z11: No | AA11: Yes | AB11: Yes | AC11: yes | AD11: yes | AE11: I think i need some help | AF11: Yes | AG11: Switching the LED ON AND OFF | AH11: Yes ofc | AI11: yes
A12: 45358.463 | B12: 10 | D12: 10 | F12: 7 | G12: The colors on the wires are a bit dark | H12: 8 | J12: 10 | L12: 10 | N12: 10 | P12: 10 | R12: 10 | S12: 10 | U12: 10 | W12: 10 | X12: Yes | Y12: Very easy | Z12: It wasn't crowder it was all organized and easy to use and easy to follow the instructions | AA12: Yes they were all related | AB12: It was all good and the appearance of the chips but the wire is a bit dark but still easy to know what color of yhe wire is | AC12: Yes | AD12: Yes | AE12: Yes | AF12: Yes | AG12: The part were it showed me that I was wrong in some of the applications and I was very satisfied when it worked | AH12: Yes | AI12: Yes, it helps a lot and shows how it can help knowing how a real bread board works
A13: 45358.536 | B13: 5 | C13: Some buttons are a bit small maybe make them a bit bigger, sometimes there are many buttons so i get confused about which one to choose | D13: 10 | F13: 5 | G13: Yes it was easy for the eyes but the colors of the wires could be made clearer | H13: 8 | J13: 8 | L13: 9 | N13: 9 | P13: 9 | R13: 8 | S13: 8 | U13: 10 | W13: 10 | X13: Yes | Y13: Yes but sometimes i get confused which button to use | Z13: It was good | AA13: Yes | AB13: Yes but the sizes of text and buttons aren’t consistent | AC13: Yes | AD13: I think so | AE13: Probably yes but it might take a bit of time | AF13: Yes | AG13: Learder board time and hearts | AH13: Yess , but i recommend not signing in with email as it takes time to type using vr, maybe use just the id of student | AI13: Yess
A14: 45358.558 | B14: 10 | D14: 10 | F14: 8 | G14: The texts are a bit unclear | H14: 10 | J14: 10 | L14: 8 | N14: 8 | P14: 10 | R14: 10 | S14: 10 | U14: 10 | W14: 10 | X14: Yes | Y14: Yes | Z14: No | AA14: Yes | AB14: Yes | AC14: It glitches when moving fast | AD14: Yes | AE14: Yes | AF14: Yes | AG14: Performing the task was easy and well guided for someone who is playing for the first time | AH14: Yes, the application would make learning much more easier | AI14: Yes
A15: 45358.599 | B15: 8 | D15: 10 | F15: 8 | H15: 10 | J15: 10 | L15: 10 | N15: 10 | P15: 10 | R15: 10 | S15: 10 | U15: 10 | W15: 10 | X15: Yes but the light blue color is too light | Y15: Yes | Z15: No | AA15: Yes | AB15: Yes | AC15: Yes | AD15: Yes | AE15: Yes | AF15: Yes | AG15: The way we can interact to build the circuit with instructions | AH15: Yes | AI15: Yes to kids
A16: 45358.698 | B16: 10 | D16: 9 | F16: 10 | G16: I like how the color is so comfy not red or that colors hurt your eyes | H16: 9 | J16: 10 | L16: 7 | M16: I tried to to do it correctly more that focusing in time | N16: 10 | P16: 10 | R16: 10 | S16: 10 | T16: I did know some information from my background but ROBO reminded me about point that I forget | U16: 10 | W16: 10 | X16: Yes ,it has clear and colorful colors with middle tone not high or low bright . | Y16: It was easy, but sometimes the click button (to go to next steps) I needed to be close more to the display to work successfully . | Z16: No , it has just what needed to be shown. | AA16: Yes , the tools of the experiment was close to the real ones. | AB16: Yes | AC16: Yes | AD16: Yes , there was icon for going back | AE16: For me as IT Student yes I can , even for non IT students easy the application user friendly. | AF16: Yes | AG16: Part of experiment when putting the wires and gets into the breadboard | AH16: Of course, it’s explains everything relate to the course so well as the tools and what needed to use for + the rules of gates etc, it was so good for me. | AI16: Yes they will get interest into VR &IT
A17: 45358.721 | B17: 7 | C17: The structure of the wires needes fixing, it would be better if you provided real photos or demonstrational photos that would should show how it's implemented in real life and regarding to the placing of the wires signals I prefer you put a not on a side on what happened if you miss up or were the pin is heading in the breadboard | D17: 6 | E17: Just the arrangements of wires | F17: 2 | G17: Make it softer which is not too bright | H17: 5 | I17: No | J17: 6 | L17: 8 | M17: The more you get comfortable with the controls the better | N17: 5 | O17: Sometimes lags | P17: 7 | R17: 1 | S17: 8 | U17: 7 | W17: 10 | X17: No not really it was fine | Y17: Yeah | Z17: No | AA17: Yes | AB17: No needs fixing | AC17: No | AD17: Yes there is a bit of a delay | AE17: No but yes without the voice | AF17: Yes | AG17: Placing wires | AH17: Yes | AI17: Yes
A18: 45358.768 | B18: 10 | D18: 10 | F18: 10 | H18: 10 | J18: 10 | L18: 10 | N18: 10 | P18: 10 | R18: 10 | S18: 10 | T18: He was cuteeee i liked him | U18: 10 | V18: I really likked the app , literally everything was amazing | W18: 10 | X18: Yes | Y18: Yes | Z18: nope | AA18: yess | AB18: Yeah | AC18: Reallly fastt | AD18: Yess | AE18: Yes yes | AF18: Of course | AG18: Everything was enjoyable and fun | AH18: Yeahhh I really need it this course its really helpful | AI18: I have already told my family also my friends about it 💗💗
A19: 45363.971 | B19: 10 | D19: 10 | F19: 10 | H19: 10 | J19: 10 | L19: 10 | N19: 10 | P19: 10 | R19: 10 | S19: 10 | U19: 10 | W19: 10 | X19: - | Y19: - | Z19: - | AA19: - | AB19: - | AC19: - | AD19: - | AE19: - | AF19: - | AG19: - | AH19: - | AI19: -
A20: 45363.972 | B20: 10 | D20: 10 | F20: 10 | H20: 10 | J20: 10 | L20: 10 | N20: 10 | P20: 10 | R20: 10 | S20: 10 | U20: 10 | W20: 10 | X20: - | Y20: - | Z20: - | AA20: - | AB20: - | AC20: - | AD20: - | AE20: - | AF20: - | AG20: - | AH20: - | AI20: -
A21: 45363.972 | B21: 10 | D21: 10 | F21: 10 | H21: 10 | J21: 10 | L21: 10 | N21: 10 | P21: 10 | R21: 10 | S21: 10 | U21: 10 | W21: 10 | X21: - | Y21: - | Z21: - | AA21: - | AB21: - | AC21: - | AD21: - | AE21: - | AF21: - | AG21: - | AH21: - | AI21: -
A22: 45363.973 | B22: 10 | D22: 10 | F22: 10 | H22: 10 | J22: 10 | L22: 10 | N22: 10 | P22: 10 | R22: 10 | S22: 10 | U22: 10 | W22: 10 | X22: - | Y22: - | Z22: - | AA22: - | AB22: - | AC22: - | AD22: - | AE22: - | AF22: - | AG22: - | AH22: - | AI22: -
A23: 45363.974 | B23: 10 | D23: 10 | F23: 10 | H23: 10 | J23: 10 | L23: 10 | N23: 10 | P23: 10 | R23: 10 | S23: 10 | U23: 10 | W23: 10 | X23: - | Y23: - | Z23: - | AA23: - | AB23: - | AC23: - | AD23: - | AE23: - | AF23: - | AG23: - | AH23: - | AI23: -
A24: 45363.975 | B24: 10 | D24: 10 | F24: 10 | H24: 10 | J24: 10 | L24: 10 | N24: 10 | P24: 10 | R24: 10 | S24: 10 | U24: 10 | W24: 10 | X24: - | Y24: - | Z24: - | AA24: - | AB24: - | AC24: - | AD24: - | AE24: - | AF24: - | AG24: - | AH24: - | AI24: -

Sheet UsabilityScaleOrigin
A6: Criteria | B6: Survey Question (s)
A7: User Interface Usage and Complexity | B7: Q1. Did you find it easy to find the required buttons? (1 for very hard and 10 for very easy)
B8: Q2. Did you recognize different icons and labels? (1 for very hard and 10 for very easy)
B9: Q10. Were ROBO instructions clear and easy to follow?
B10: Q15. Was the App interface crowded and hard to use?
A11: Memorability | B11: Q5. Steps are easy to follow, and buttons are easy to remember (1 for no and 10 for yes)
A12: Tension and Frustration | B12: Q7. Was everything clear and easy to preform without frustration (1 for no and 10 for yes)?
A13: Learnability and Technician person need | B13: Q4. The application is easy to use with minimum instructions from the tester. (1 for no and 10 for yes)
A14: System/interface Consistency | B14: Q17. Is the app appearance consistent?
A15: Performance (learning speed) | B15: Q6. Did you manage to finish the tasks as fast as possible (1 for no and 10 for yes)?
A16: Usage cumbersomeness. | B16: Q8. Did you manage to perform well in labs without difficulties in using the VR equipment?
A17: User Confidence | B17: Q9. Did you manage to perform well in labs by hearing ROBO instructions and following them?
A18: Prior knowledge and training | B18: Q14. Was the navigation through the application easy and understandable?
B19: Q20. Could you use the application without instructions?
A20: Brightness and Colouring | B20: Q3. Text and colors were easy for the eyes? (1 for no and 10 for yes)
B21: Q13. Was the application appealing in term of colors and visuals?
A22: Satisfaction and Engagement | B22: Q11. You found the application interesting. (1 for no and 10 for yes)
B23: Q12. You found the gamification functions fun and encouraged competitive behavior. (1 for no and 10 for yes)
A24: Recommending the App | B24: Q23. Would you use the application in your education if available to you?
B25: Q24. Would you recommend the application to other people?
A27: Criteria | B27: Survey Question (s) | C27: AVG | D27: STD
A28: User Interface Usage and Complexity | B28: Q1, Q2, Q10, and Q15 | C28: 8.18 | D28: 1.32
A29: Memorability | B29: Q5 | C29: 9.22 | D29: 2.06
A30: Tension and Frustration | B30: Q7 | C30: 8.5 | D30: 2.57
A31: Learnability & technician person need | B31: Q4 | C31: 9 | D31: 1.57
A32: System/interface Consistency | B32: Q17 | C32: 7.45 | D32: 1.84
A33: Performance (Learning Speed) | B33: Q6 | C33: 8.54 | D33: 2.26
A34: Usage cumbersomeness. | B34: Q8 | C34: 8.72 | D34: 2.33
A35: User Confidence | B35: Q9 | C35: 9.31 | D35: 2
A36: Prior knowledge and training | B36: Q14, Q20 | C36: 7.45 | D36: 1.81
A37: Brightness and Colouring | B37: Q3, Q13 | C37: 7.9 | D37: 1.25
A38: Satisfaction and Engagement | B38: Q11, A12 | C38: 9.75 | D38: 0.71
A39: Recommending the App | B39: Q23, Q24 | C39: 8.09 | D39: 2.02
A40: Overall Usability | C40: 0.8566 | D40: 10.66

Sheet UsabilityScale
A1: Q1 | B1: Q2 | C1: Q5 | D1: Q15 | F1: Q7 | G1: Q10 | I1: Q4 | J1: Q17 | K1: Q6 | L1: Q8 | M1: Q9 | N1: Q14 | O1: Q20 | Q1: Q3 | R1: Q13 | T1: Q11 | U1: Q12 | W1: Q23 | X1: Q24
A2: Did you find it easy to find the required buttons? (1 for very hard and 10 for very easy) | B2: Did you recognize different icons and labels? (1 for very hard and 10 for very easy) | C2: Steps are easy to follow, and buttons are easy to remember (1 for no and 10 for yes) | D2: Was the interface crowded and hard to use? | E2: Interface | F2: Q1.Everything was clear and easy to preform without frustration (1 for no and 10 for yes) | G2: ROBO instructions were clear and easy to follow | H2: Usage Easiness | I2: The application is easy to use with minimum instructions from the tester. (1 for no and 10 for yes) | J2: Does the app appearance consistent? | K2: You managed to finish the tasks as fast as possible. (1 for no and 10 for yes) | L2: You managed to perform well in labs without difficulties in using the VR equipment | M2: You managed to perform well in labs by hearing ROBO instructions and following them. | N2: Was the navigation through the application easy and understandable? | O2: Could you use the application without instructions? | P2: Prior Knowledge | Q2: Text and colors were easy for the eyes? (1 for no and 10 for yes) | R2: Was the application appealing in term of colors and visuals? | S2: Colors and Brightness | T2: Q3. You found the application interesting. (1 for no and 10 for yes) | U2: Q4. You found the gamification functions fun and encouraged competitive behavior. . (1 for no and 10 for yes) | V2: Engagement | W2: Would you use the application in your education if available to you? | X2: Would you recommend the application to other people? | Y2: Recommendation
A3: 5 | B3: 7 | C3: 10 | D3: 10 | E3: =SUM(A3:D3) -> 32 | F3: 10 | G3: 10 | H3: =SUM(F3:G3) -> 20 | I3: 10 | J3: 7 | K3: 8 | L3: 7 | M3: 10 | N3: 8 | O3: 9 | P3: =SUM(N3:O3) -> 17 | Q3: 7 | R3: 10 | S3: =SUM(Q3:R3) -> 17 | T3: 10 | U3: 10 | V3: =SUM(T3:U3) -> 20 | W3: 10 | X3: 10 | Y3: =SUM(W3:X3) -> 20
A4: 8 | B4: 6 | C4: 10 | D4: 10 | E4: =SUM(A4:D4) -> 34 | F4: 7 | G4: 10 | H4: =SUM(F4:G4) -> 17 | I4: 6 | J4: 9 | K4: 9 | L4: 7 | M4: 10 | N4: 10 | O4: 7 | P4: =SUM(N4:O4) -> 17 | Q4: 10 | R4: 10 | S4: =SUM(Q4:R4) -> 20 | T4: 10 | U4: 8 | V4: =SUM(T4:U4) -> 18 | W4: 10 | X4: 8 | Y4: =SUM(W4:X4) -> 18
A5: 3 | B5: 4 | C5: 9 | D5: 2 | E5: =SUM(A5:D5) -> 18 | F5: 3 | G5: 6 | H5: =SUM(F5:G5) -> 9 | I5: 6 | J5: 9 | K5: 4 | L5: 4 | M5: 7 | N5: 7 | O5: 5 | P5: =SUM(N5:O5) -> 12 | Q5: 8 | R5: 9 | S5: =SUM(Q5:R5) -> 17 | T5: 10 | U5: 4 | V5: =SUM(T5:U5) -> 14 | W5: 10 | X5: 8 | Y5: =SUM(W5:X5) -> 18
A6: 9 | B6: 10 | C6: 10 | D6: 10 | E6: =SUM(A6:D6) -> 39 | F6: 6 | G6: 10 | H6: =SUM(F6:G6) -> 16 | I6: 10 | J6: 9 | K6: 7 | L6: 10 | M6: 10 | N6: 8 | O6: 6 | P6: =SUM(N6:O6) -> 14 | Q6: 7 | R6: 9 | S6: =SUM(Q6:R6) -> 16 | T6: 10 | U6: 10 | V6: =SUM(T6:U6) -> 20 | W6: 10 | X6: 10 | Y6: =SUM(W6:X6) -> 20
A7: 8 | B7: 7 | C7: 10 | D7: 10 | E7: =SUM(A7:D7) -> 35 | F7: 10 | G7: 10 | H7: =SUM(F7:G7) -> 20 | I7: 10 | J7: 9 | K7: 8 | L7: 10 | M7: 10 | N7: 7 | O7: 10 | P7: =SUM(N7:O7) -> 17 | Q7: 5 | R7: 9 | S7: =SUM(Q7:R7) -> 14 | T7: 10 | U7: 10 | V7: =SUM(T7:U7) -> 20 | W7: 10 | X7: 8 | Y7: =SUM(W7:X7) -> 18
A8: 10 | B8: 10 | C8: 10 | D8: 10 | E8: =SUM(A8:D8) -> 40 | F8: 10 | G8: 10 | H8: =SUM(F8:G8) -> 20 | I8: 10 | J8: 8 | K8: 10 | L8: 10 | M8: 10 | N8: 9 | O8: 10 | P8: =SUM(N8:O8) -> 19 | Q8: 10 | R8: 10 | S8: =SUM(Q8:R8) -> 20 | T8: 10 | U8: 10 | V8: =SUM(T8:U8) -> 20 | W8: 10 | X8: 6 | Y8: =SUM(W8:X8) -> 16
A9: 9 | B9: 10 | C9: 10 | D9: 10 | E9: =SUM(A9:D9) -> 39 | F9: 10 | G9: 10 | H9: =SUM(F9:G9) -> 20 | I9: 10 | J9: 7 | K9: 10 | L9: 9 | M9: 10 | N9: 9 | O9: 10 | P9: =SUM(N9:O9) -> 19 | Q9: 10 | R9: 8 | S9: =SUM(Q9:R9) -> 18 | T9: 10 | U9: 10 | V9: =SUM(T9:U9) -> 20 | W9: 10 | X9: 10 | Y9: =SUM(W9:X9) -> 20
A10: 5 | B10: 10 | C10: 1 | D10: 10 | E10: =SUM(A10:D10) -> 26 | F10: 1 | G10: 10 | H10: =SUM(F10:G10) -> 11 | I10: 8 | J10: 9 | K10: 1 | L10: 1 | M10: 10 | N10: 8 | O10: 7 | P10: =SUM(N10:O10) -> 15 | Q10: 5 | R10: 9 | S10: =SUM(Q10:R10) -> 14 | T10: 10 | U10: 10 | V10: =SUM(T10:U10) -> 20 | W10: 10 | X10: 8 | Y10: =SUM(W10:X10) -> 18
A11: 6 | B11: 10 | C11: 9 | D11: 10 | E11: =SUM(A11:D11) -> 35 | F11: 8 | G11: 10 | H11: =SUM(F11:G11) -> 18 | I11: 8 | J11: 9 | K11: 9 | L11: 8 | M11: 9 | N11: 9 | O11: 7 | P11: =SUM(N11:O11) -> 16 | Q11: 8 | R11: 9 | S11: =SUM(Q11:R11) -> 17 | T11: 10 | U11: 10 | V11: =SUM(T11:U11) -> 20 | W11: 10 | X11: 8 | Y11: =SUM(W11:X11) -> 18
A12: 10 | B12: 10 | C12: 10 | D12: 10 | E12: =SUM(A12:D12) -> 40 | F12: 10 | G12: 10 | H12: =SUM(F12:G12) -> 20 | I12: 8 | J12: 7 | K12: 10 | L12: 10 | M12: 10 | N12: 10 | O12: 10 | P12: =SUM(N12:O12) -> 20 | Q12: 7 | R12: 9 | S12: =SUM(Q12:R12) -> 16 | T12: 10 | U12: 10 | V12: =SUM(T12:U12) -> 20 | W12: 10 | X12: 10 | Y12: =SUM(W12:X12) -> 20
A13: 5 | B13: 10 | C13: 8 | D13: 10 | E13: =SUM(A13:D13) -> 33 | F13: 9 | G13: 8 | H13: =SUM(F13:G13) -> 17 | I13: 8 | J13: 7 | K13: 9 | L13: 9 | M13: 8 | N13: 7 | O13: 8 | P13: =SUM(N13:O13) -> 15 | Q13: 5 | R13: 9 | S13: =SUM(Q13:R13) -> 14 | T13: 10 | U13: 10 | V13: =SUM(T13:U13) -> 20 | W13: 8 | X13: 8 | Y13: =SUM(W13:X13) -> 16
A14: 10 | B14: 10 | C14: 10 | D14: 10 | E14: =SUM(A14:D14) -> 40 | F14: 8 | G14: 10 | H14: =SUM(F14:G14) -> 18 | I14: 10 | J14: 9 | K14: 8 | L14: 10 | M14: 10 | N14: 9 | O14: 10 | P14: =SUM(N14:O14) -> 19 | Q14: 8 | R14: 9 | S14: =SUM(Q14:R14) -> 17 | T14: 10 | U14: 10 | V14: =SUM(T14:U14) -> 20 | W14: 10 | X14: 8 | Y14: =SUM(W14:X14) -> 18
... A24: 10 | B24: 10 | C24: 10 | D24: 4 | E24: =SUM(A24:D24) -> 34 | F24: 10 | G24: 10 | H24: =SUM(F24:G24) -> 20 | I24: 10 | J24: 5 | K24: 10 | L24: 10 | M24: 10 | N24: 5 | O24: 5 | P24: =SUM(N24:O24) -> 10 | Q24: 10 | R24: 5 | S24: =SUM(Q24:R24) -> 15 | T24: 10 | U24: 10 | V24: =SUM(T24:U24) -> 20 | W24: 5 | X24: 5 | Y24: =SUM(W24:X24) -> 10
A26: =AVERAGE(A3:A24) -> 8.3181818 | B26: =AVERAGE(B3:B24) -> 9.0454545 | C26: =AVERAGE(C3:C24) -> 9.2272727 | D26: 8.2727273 | E26: =AVERAGE(E3:E24)/4 -> 8.7159091 | F26: =AVERAGE(F3:F24) -> 8.5 | G26: =AVERAGE(G3:G24) -> 9.6363636 | H26: =AVERAGE(H3:H24)/2 -> 9.0681818 | I26: =AVERAGE(I3:I24) -> 9 | J26: =AVERAGE(J3:J24) -> 7.4545455 | K26: =AVERAGE(K3:K24) -> 8.5454545 | L26: =AVERAGE(L3:L24) -> 8.7272727 | M26: =AVERAGE(M3:M24) -> 9.3181818 | N26: =AVERAGE(N3:N24) -> 7.4545455 | O26: =AVERAGE(O3:O24) -> 7.4545455 | P26: =AVERAGE(P3:P24)/2 -> 7.4545455 | Q26: =AVERAGE(Q3:Q24) -> 8.1818182 | R26: =AVERAGE(R3:R24) -> 7.6363636 | S26: =AVERAGE(S3:S24)/2 -> 7.9090909 | T26: =AVERAGE(T3:T24) -> 9.8636364 | U26: =AVERAGE(U3:U24) -> 9.6363636 | V26: =AVERAGE(V3:V24)/2 -> 9.75 | W26: =AVERAGE(W3:W24) -> 8.5454545 | X26: =AVERAGE(X3:X24) -> 7.6363636 | Y26: =AVERAGE(Y3:Y24)/2 -> 8.0909091
A27: =_xlfn.STDEV.S(A3:A24) -> 2.1905938 | B27: =_xlfn.STDEV.S(B3:B24) -> 1.7855844 | C27: =_xlfn.STDEV.S(C3:C24) -> 2.0686278 | D27: 2.7112081 | E27: =STDEV(E4:E25)/4 -> 1.3393095 | F27: =_xlfn.STDEV.S(F3:F24) -> 2.5773741 | G27: =_xlfn.STDEV.S(G3:G24) -> 1.0021622 | H27: =_xlfn.STDEV.S(H3:H24)/2 -> 1.6057594 | I27: =_xlfn.STDEV.S(I3:I24) -> 1.5735916 | J27: =_xlfn.STDEV.S(J3:J24) -> 1.8446131 | K27: =_xlfn.STDEV.S(K3:K24) -> 2.2620529 | L27: =_xlfn.STDEV.S(L3:L24) -> 2.3336425 | M27: =_xlfn.STDEV.S(M3:M24) -> 2.0091781 | N27: =_xlfn.STDEV.S(N3:N24) -> 1.8186147 | O27: =_xlfn.STDEV.S(O3:O24) -> 2.1542267 | P27: =_xlfn.STDEV.S(P3:P24)/2 -> 1.8186147 | Q27: =_xlfn.STDEV.S(Q3:Q24) -> 2.2811101 | R27: =_xlfn.STDEV.S(R3:R24) -> 1.9650628 | S27: =_xlfn.STDEV.S(S3:S24)/2 -> 1.2501082 | T27: =_xlfn.STDEV.S(T3:T24) -> 0.63960215 | U27: =_xlfn.STDEV.S(U3:U24) -> 1.3289973 | V27: =_xlfn.STDEV.S(V3:V24)/2 -> 0.71962292 | W27: =_xlfn.STDEV.S(W3:W24) -> 2.2620529 | X27: =_xlfn.STDEV.S(X3:X24) -> 1.9406787 | Y27: =_xlfn.STDEV.S(Y3:Y24)/2 -> 2.0215291
B32: Q1, Q2, Q10, Q15 | C32: Q5 | D32: Q7 | E32: Q4 | F32: Q17 | G32: Q6 | H32: Q8 | I32: Q9
B33: Interface complexity and usage | C33: Memorability | D33: Tension | E33: The application is easy to use with minimum instructions from the tester. (1 for no and 10 for yes) | F33: Does the app appearance consistent? | G33: You managed to finish the tasks as fast as possible. (1 for no and 10 for yes) | H33: You managed to perform well in labs without difficulties in using the VR equipment | I33: You managed to perform well in labs by hearing ROBO instructions and following them. | J33: Prior Knowledge | K33: Colors and Brightness | L33: Engagement | M33: Recommendation | N33: Average
B34: =AVERAGE(A3,B3,D3,G3) -> 8 | C34: 10 | D34: 10 | E34: 10 | F34: 7 | G34: 8 | H34: 7 | I34: 10 | J34: =AVERAGE(N3:O3) -> 8.5 | K34: =AVERAGE(Q3:R3) -> 8.5 | L34: =AVERAGE(T3:U3) -> 10 | M34: =AVERAGE(W3:X3) -> 10 | N34: =AVERAGE(B34:M34)*10 -> 89.166667
B35: =AVERAGE(A4,B4,D4,G4) -> 8.5 | C35: 10 | D35: 7 | E35: 6 | F35: 9 | G35: 9 | H35: 7 | I35: 10 | J35: =AVERAGE(N4:O4) -> 8.5 | K35: =AVERAGE(Q4:R4) -> 10 | L35: =AVERAGE(T4:U4) -> 9 | M35: =AVERAGE(W4:X4) -> 9 | N35: =AVERAGE(B35:M35)*10 -> 85.833333
B36: =AVERAGE(A5,B5,D5,G5) -> 3.75 | C36: 9 | D36: 3 | E36: 6 | F36: 9 | G36: 4 | H36: 4 | I36: 7 | J36: =AVERAGE(N5:O5) -> 6 | K36: =AVERAGE(Q5:R5) -> 8.5 | L36: =AVERAGE(T5:U5) -> 7 | M36: =AVERAGE(W5:X5) -> 9 | N36: =AVERAGE(B36:M36)*10 -> 63.541667
B37: =AVERAGE(A6,B6,D6,G6) -> 9.75 | C37: 10 | D37: 6 | E37: 10 | F37: 9 | G37: 7 | H37: 10 | I37: 10 | J37: =AVERAGE(N6:O6) -> 7 | K37: =AVERAGE(Q6:R6) -> 8 | L37: =AVERAGE(T6:U6) -> 10 | M37: =AVERAGE(W6:X6) -> 10 | N37: =AVERAGE(B37:M37)*10 -> 88.958333
B38: =AVERAGE(A7,B7,D7,G7) -> 8.75 | C38: 10 | D38: 10 | E38: 10 | F38: 9 | G38: 8 | H38: 10 | I38: 10 | J38: =AVERAGE(N7:O7) -> 8.5 | K38: =AVERAGE(Q7:R7) -> 7 | L38: =AVERAGE(T7:U7) -> 10 | M38: =AVERAGE(W7:X7) -> 9 | N38: =AVERAGE(B38:M38)*10 -> 91.875
B39: =AVERAGE(A8,B8,D8,G8) -> 10 | C39: 10 | D39: 10 | E39: 10 | F39: 8 | G39: 10 | H39: 10 | I39: 10 | J39: =AVERAGE(N8:O8) -> 9.5 | K39: =AVERAGE(Q8:R8) -> 10 | L39: =AVERAGE(T8:U8) -> 10 | M39: =AVERAGE(W8:X8) -> 8 | N39: =AVERAGE(B39:M39)*10 -> 96.25
B40: =AVERAGE(A9,B9,D9,G9) -> 9.75 | C40: 10 | D40: 10 | E40: 10 | F40: 7 | G40: 10 | H40: 9 | I40: 10 | J40: =AVERAGE(N9:O9) -> 9.5 | K40: =AVERAGE(Q9:R9) -> 9 | L40: =AVERAGE(T9:U9) -> 10 | M40: =AVERAGE(W9:X9) -> 10 | N40: =AVERAGE(B40:M40)*10 -> 95.208333
B41: =AVERAGE(A10,B10,D10,G10) -> 8.75 | C41: 1 | D41: 1 | E41: 8 | F41: 9 | G41: 1 | H41: 1 | I41: 10 | J41: =AVERAGE(N10:O10) -> 7.5 | K41: =AVERAGE(Q10:R10) -> 7 | L41: =AVERAGE(T10:U10) -> 10 | M41: =AVERAGE(W10:X10) -> 9 | N41: =AVERAGE(B41:M41)*10 -> 61.041667
B42: =AVERAGE(A11,B11,D11,G11) -> 9 | C42: 9 | D42: 8 | E42: 8 | F42: 9 | G42: 9 | H42: 8 | I42: 9 | J42: =AVERAGE(N11:O11) -> 8 | K42: =AVERAGE(Q11:R11) -> 8.5 | L42: =AVERAGE(T11:U11) -> 10 | M42: =AVERAGE(W11:X11) -> 9 | N42: =AVERAGE(B42:M42)*10 -> 87.083333
B43: =AVERAGE(A12,B12,D12,G12) -> 10 | C43: 10 | D43: 10 | E43: 8 | F43: 7 | G43: 10 | H43: 10 | I43: 10 | J43: =AVERAGE(N12:O12) -> 10 | K43: =AVERAGE(Q12:R12) -> 8 | L43: =AVERAGE(T12:U12) -> 10 | M43: =AVERAGE(W12:X12) -> 10 | N43: =AVERAGE(B43:M43)*10 -> 94.166667
B44: =AVERAGE(A13,B13,D13,G13) -> 8.25 | C44: 8 | D44: 9 | E44: 8 | F44: 7 | G44: 9 | H44: 9 | I44: 8 | J44: =AVERAGE(N13:O13) -> 7.5 | K44: =AVERAGE(Q13:R13) -> 7 | L44: =AVERAGE(T13:U13) -> 10 | M44: =AVERAGE(W13:X13) -> 8 | N44: =AVERAGE(B44:M44)*10 -> 82.291667
B45: =AVERAGE(A14,B14,D14,G14) -> 10 | C45: 10 | D45: 8 | E45: 10 | F45: 9 | G45: 8 | H45: 10 | I45: 10 | J45: =AVERAGE(N14:O14) -> 9.5 | K45: =AVERAGE(Q14:R14) -> 8.5 | L45: =AVERAGE(T14:U14) -> 10 | M45: =AVERAGE(W14:X14) -> 9 | N45: =AVERAGE(B45:M45)*10 -> 93.333333
... B55: =AVERAGE(A24,B24,D24,G24) -> 8.5 | C55: 10 | D55: 10 | E55: 10 | F55: 5 | G55: 10 | H55: 10 | I55: 10 | J55: =AVERAGE(N24:O24) -> 5 | K55: =AVERAGE(Q24:R24) -> 7.5 | L55: =AVERAGE(T24:U24) -> 10 | M55: =AVERAGE(W24:X24) -> 5 | N55: =AVERAGE(B55:M55)*10 -> 84.166667
B57: =AVERAGE(B34:B55) -> 8.8181818 | C57: =AVERAGE(C34:C55) -> 9.2272727 | D57: =AVERAGE(D34:D55) -> 8.5 | E57: =AVERAGE(E34:E55) -> 9 | F57: =AVERAGE(F34:F55) -> 7.4545455 | G57: =AVERAGE(G34:G55) -> 8.5454545 | H57: =AVERAGE(H34:H55) -> 8.7272727 | I57: =AVERAGE(I34:I55) -> 9.3181818 | ... N57: =AVERAGE(N34:N55) -> 85.662879
B58: =_xlfn.STDEV.S(B34:B55) -> 1.3277752 | C58: =_xlfn.STDEV.S(C34:C55) -> 2.0686278 | D58: =_xlfn.STDEV.S(D34:D55) -> 2.5773741 | E58: =_xlfn.STDEV.S(E34:E55) -> 1.5735916 | F58: =_xlfn.STDEV.S(F34:F55) -> 1.8446131 | G58: =_xlfn.STDEV.S(G34:G55) -> 2.2620529 | H58: =_xlfn.STDEV.S(H34:H55) -> 2.3336425 | I58: =_xlfn.STDEV.S(I34:I55) -> 2.0091781 | ... N58: =_xlfn.STDEV.S(N34:N55) -> 10.665023

Sheet UsabilityScale2_Paper
A1: Q1 | B1: Q2 | C1: Q5 | D1: Q15 | F1: Q7 | G1: Q10 | I1: Q4 | J1: Q17 | K1: Q6 | L1: Q8 | M1: Q9 | N1: Q14 | O1: Q20 | Q1: Q3 | R1: Q13 | T1: Q11 | U1: Q12 | W1: Q23 | X1: Q24
A2: Did you find it easy to find the required buttons? (1 for very hard and 10 for very easy) | B2: Did you recognize different icons and labels? (1 for very hard and 10 for very easy) | C2: Steps are easy to follow, and buttons are easy to remember (1 for no and 10 for yes) | D2: Was the interface crowded and hard to use? | E2: Interface | F2: Q1.Everything was clear and easy to preform without frustration (1 for no and 10 for yes) | G2: ROBO instructions were clear and easy to follow | H2: Usage Easiness | I2: The application is easy to use with minimum instructions from the tester. (1 for no and 10 for yes) | J2: Does the app appearance consistent? | K2: You managed to finish the tasks as fast as possible. (1 for no and 10 for yes) | L2: You managed to perform well in labs without difficulties in using the VR equipment | M2: You managed to perform well in labs by hearing ROBO instructions and following them. | N2: Was the navigation through the application easy and understandable? | O2: Could you use the application without instructions? | P2: Prior Knowledge | Q2: Text and colors were easy for the eyes? (1 for no and 10 for yes) | R2: Was the application appealing in term of colors and visuals? | S2: Colors and Brightness | T2: Q3. You found the application interesting. (1 for no and 10 for yes) | U2: Q4. You found the gamification functions fun and encouraged competitive behavior. . (1 for no and 10 for yes) | V2: Engagement | W2: Would you use the application in your education if available to you? | X2: Would you recommend the application to other people? | Y2: Recommendation
A3: =UsabilityScale!A3-1 -> 4 | B3: =UsabilityScale!B3-1 -> 6 | C3: =UsabilityScale!C3-1 -> 9 | D3: =UsabilityScale!D3-1 -> 9 | E3: =SUM(A3:D3) -> 28 | F3: =UsabilityScale!F3-1 -> 9 | G3: =UsabilityScale!G3-1 -> 9 | H3: =SUM(F3:G3) -> 18 | I3: =UsabilityScale!I3-1 -> 9 | J3: =UsabilityScale!J3-1 -> 6 | K3: =UsabilityScale!K3-1 -> 7 | L3: =UsabilityScale!L3-1 -> 6 | M3: =UsabilityScale!M3-1 -> 9 | N3: =UsabilityScale!N3-1 -> 7 | O3: =UsabilityScale!O3-1 -> 8 | P3: =SUM(N3:O3) -> 15 | Q3: =UsabilityScale!Q3-1 -> 6 | R3: =UsabilityScale!R3-1 -> 9 | S3: =SUM(Q3:R3) -> 15 | T3: =UsabilityScale!T3-1 -> 9 | U3: =UsabilityScale!U3-1 -> 9 | V3: =SUM(T3:U3) -> 18 | W3: =UsabilityScale!W3-1 -> 9 | X3: =UsabilityScale!X3-1 -> 9 | Y3: =SUM(W3:X3) -> 18
A4: =UsabilityScale!A4-1 -> 7 | B4: =UsabilityScale!B4-1 -> 5 | C4: =UsabilityScale!C4-1 -> 9 | D4: =UsabilityScale!D4-1 -> 9 | E4: =SUM(A4:D4) -> 30 | F4: =UsabilityScale!F4-1 -> 6 | G4: =UsabilityScale!G4-1 -> 9 | H4: =SUM(F4:G4) -> 15 | I4: =UsabilityScale!I4-1 -> 5 | J4: =UsabilityScale!J4-1 -> 8 | K4: =UsabilityScale!K4-1 -> 8 | L4: =UsabilityScale!L4-1 -> 6 | M4: =UsabilityScale!M4-1 -> 9 | N4: =UsabilityScale!N4-1 -> 9 | O4: =UsabilityScale!O4-1 -> 6 | P4: =SUM(N4:O4) -> 15 | Q4: =UsabilityScale!Q4-1 -> 9 | R4: =UsabilityScale!R4-1 -> 9 | S4: =SUM(Q4:R4) -> 18 | T4: =UsabilityScale!T4-1 -> 9 | U4: =UsabilityScale!U4-1 -> 7 | V4: =SUM(T4:U4) -> 16 | W4: =UsabilityScale!W4-1 -> 9 | X4: =UsabilityScale!X4-1 -> 7 | Y4: =SUM(W4:X4) -> 16
A5: =UsabilityScale!A5-1 -> 2 | B5: =UsabilityScale!B5-1 -> 3 | C5: =UsabilityScale!C5-1 -> 8 | D5: =UsabilityScale!D5-1 -> 1 | E5: =SUM(A5:D5) -> 14 | F5: =UsabilityScale!F5-1 -> 2 | G5: =UsabilityScale!G5-1 -> 5 | H5: =SUM(F5:G5) -> 7 | I5: =UsabilityScale!I5-1 -> 5 | J5: =UsabilityScale!J5-1 -> 8 | K5: =UsabilityScale!K5-1 -> 3 | L5: =UsabilityScale!L5-1 -> 3 | M5: =UsabilityScale!M5-1 -> 6 | N5: =UsabilityScale!N5-1 -> 6 | O5: =UsabilityScale!O5-1 -> 4 | P5: =SUM(N5:O5) -> 10 | Q5: =UsabilityScale!Q5-1 -> 7 | R5: =UsabilityScale!R5-1 -> 8 | S5: =SUM(Q5:R5) -> 15 | T5: =UsabilityScale!T5-1 -> 9 | U5: =UsabilityScale!U5-1 -> 3 | V5: =SUM(T5:U5) -> 12 | W5: =UsabilityScale!W5-1 -> 9 | X5: =UsabilityScale!X5-1 -> 7 | Y5: =SUM(W5:X5) -> 16
A6: =UsabilityScale!A6-1 -> 8 | B6: =UsabilityScale!B6-1 -> 9 | C6: =UsabilityScale!C6-1 -> 9 | D6: =UsabilityScale!D6-1 -> 9 | E6: =SUM(A6:D6) -> 35 | F6: =UsabilityScale!F6-1 -> 5 | G6: =UsabilityScale!G6-1 -> 9 | H6: =SUM(F6:G6) -> 14 | I6: =UsabilityScale!I6-1 -> 9 | J6: =UsabilityScale!J6-1 -> 8 | K6: =UsabilityScale!K6-1 -> 6 | L6: =UsabilityScale!L6-1 -> 9 | M6: =UsabilityScale!M6-1 -> 9 | N6: =UsabilityScale!N6-1 -> 7 | O6: =UsabilityScale!O6-1 -> 5 | P6: =SUM(N6:O6) -> 12 | Q6: =UsabilityScale!Q6-1 -> 6 | R6: =UsabilityScale!R6-1 -> 8 | S6: =SUM(Q6:R6) -> 14 | T6: =UsabilityScale!T6-1 -> 9 | U6: =UsabilityScale!U6-1 -> 9 | V6: =SUM(T6:U6) -> 18 | W6: =UsabilityScale!W6-1 -> 9 | X6: =UsabilityScale!X6-1 -> 9 | Y6: =SUM(W6:X6) -> 18
A7: =UsabilityScale!A7-1 -> 7 | B7: =UsabilityScale!B7-1 -> 6 | C7: =UsabilityScale!C7-1 -> 9 | D7: =UsabilityScale!D7-1 -> 9 | E7: =SUM(A7:D7) -> 31 | F7: =UsabilityScale!F7-1 -> 9 | G7: =UsabilityScale!G7-1 -> 9 | H7: =SUM(F7:G7) -> 18 | I7: =UsabilityScale!I7-1 -> 9 | J7: =UsabilityScale!J7-1 -> 8 | K7: =UsabilityScale!K7-1 -> 7 | L7: =UsabilityScale!L7-1 -> 9 | M7: =UsabilityScale!M7-1 -> 9 | N7: =UsabilityScale!N7-1 -> 6 | O7: =UsabilityScale!O7-1 -> 9 | P7: =SUM(N7:O7) -> 15 | Q7: =UsabilityScale!Q7-1 -> 4 | R7: =UsabilityScale!R7-1 -> 8 | S7: =SUM(Q7:R7) -> 12 | T7: =UsabilityScale!T7-1 -> 9 | U7: =UsabilityScale!U7-1 -> 9 | V7: =SUM(T7:U7) -> 18 | W7: =UsabilityScale!W7-1 -> 9 | X7: =UsabilityScale!X7-1 -> 7 | Y7: =SUM(W7:X7) -> 16
A8: =UsabilityScale!A8-1 -> 9 | B8: =UsabilityScale!B8-1 -> 9 | C8: =UsabilityScale!C8-1 -> 9 | D8: =UsabilityScale!D8-1 -> 9 | E8: =SUM(A8:D8) -> 36 | F8: =UsabilityScale!F8-1 -> 9 | G8: =UsabilityScale!G8-1 -> 9 | H8: =SUM(F8:G8) -> 18 | I8: =UsabilityScale!I8-1 -> 9 | J8: =UsabilityScale!J8-1 -> 7 | K8: =UsabilityScale!K8-1 -> 9 | L8: =UsabilityScale!L8-1 -> 9 | M8: =UsabilityScale!M8-1 -> 9 | N8: =UsabilityScale!N8-1 -> 8 | O8: =UsabilityScale!O8-1 -> 9 | P8: =SUM(N8:O8) -> 17 | Q8: =UsabilityScale!Q8-1 -> 9 | R8: =UsabilityScale!R8-1 -> 9 | S8: =SUM(Q8:R8) -> 18 | T8: =UsabilityScale!T8-1 -> 9 | U8: =UsabilityScale!U8-1 -> 9 | V8: =SUM(T8:U8) -> 18 | W8: =UsabilityScale!W8-1 -> 9 | X8: =UsabilityScale!X8-1 -> 5 | Y8: =SUM(W8:X8) -> 14
A9: =UsabilityScale!A9-1 -> 8 | B9: =UsabilityScale!B9-1 -> 9 | C9: =UsabilityScale!C9-1 -> 9 | D9: =UsabilityScale!D9-1 -> 9 | E9: =SUM(A9:D9) -> 35 | F9: =UsabilityScale!F9-1 -> 9 | G9: =UsabilityScale!G9-1 -> 9 | H9: =SUM(F9:G9) -> 18 | I9: =UsabilityScale!I9-1 -> 9 | J9: =UsabilityScale!J9-1 -> 6 | K9: =UsabilityScale!K9-1 -> 9 | L9: =UsabilityScale!L9-1 -> 8 | M9: =UsabilityScale!M9-1 -> 9 | N9: =UsabilityScale!N9-1 -> 8 | O9: =UsabilityScale!O9-1 -> 9 | P9: =SUM(N9:O9) -> 17 | Q9: =UsabilityScale!Q9-1 -> 9 | R9: =UsabilityScale!R9-1 -> 7 | S9: =SUM(Q9:R9) -> 16 | T9: =UsabilityScale!T9-1 -> 9 | U9: =UsabilityScale!U9-1 -> 9 | V9: =SUM(T9:U9) -> 18 | W9: =UsabilityScale!W9-1 -> 9 | X9: =UsabilityScale!X9-1 -> 9 | Y9: =SUM(W9:X9) -> 18
A10: =UsabilityScale!A10-1 -> 4 | B10: =UsabilityScale!B10-1 -> 9 | C10: =UsabilityScale!C10-1 -> 0 | D10: =UsabilityScale!D10-1 -> 9 | E10: =SUM(A10:D10) -> 22 | F10: =UsabilityScale!F10-1 -> 0 | G10: =UsabilityScale!G10-1 -> 9 | H10: =SUM(F10:G10) -> 9 | I10: =UsabilityScale!I10-1 -> 7 | J10: =UsabilityScale!J10-1 -> 8 | K10: =UsabilityScale!K10-1 -> 0 | L10: =UsabilityScale!L10-1 -> 0 | M10: =UsabilityScale!M10-1 -> 9 | N10: =UsabilityScale!N10-1 -> 7 | O10: =UsabilityScale!O10-1 -> 6 | P10: =SUM(N10:O10) -> 13 | Q10: =UsabilityScale!Q10-1 -> 4 | R10: =UsabilityScale!R10-1 -> 8 | S10: =SUM(Q10:R10) -> 12 | T10: =UsabilityScale!T10-1 -> 9 | U10: =UsabilityScale!U10-1 -> 9 | V10: =SUM(T10:U10) -> 18 | W10: =UsabilityScale!W10-1 -> 9 | X10: =UsabilityScale!X10-1 -> 7 | Y10: =SUM(W10:X10) -> 16
A11: =UsabilityScale!A11-1 -> 5 | B11: =UsabilityScale!B11-1 -> 9 | C11: =UsabilityScale!C11-1 -> 8 | D11: =UsabilityScale!D11-1 -> 9 | E11: =SUM(A11:D11) -> 31 | F11: =UsabilityScale!F11-1 -> 7 | G11: =UsabilityScale!G11-1 -> 9 | H11: =SUM(F11:G11) -> 16 | I11: =UsabilityScale!I11-1 -> 7 | J11: =UsabilityScale!J11-1 -> 8 | K11: =UsabilityScale!K11-1 -> 8 | L11: =UsabilityScale!L11-1 -> 7 | M11: =UsabilityScale!M11-1 -> 8 | N11: =UsabilityScale!N11-1 -> 8 | O11: =UsabilityScale!O11-1 -> 6 | P11: =SUM(N11:O11) -> 14 | Q11: =UsabilityScale!Q11-1 -> 7 | R11: =UsabilityScale!R11-1 -> 8 | S11: =SUM(Q11:R11) -> 15 | T11: =UsabilityScale!T11-1 -> 9 | U11: =UsabilityScale!U11-1 -> 9 | V11: =SUM(T11:U11) -> 18 | W11: =UsabilityScale!W11-1 -> 9 | X11: =UsabilityScale!X11-1 -> 7 | Y11: =SUM(W11:X11) -> 16
A12: =UsabilityScale!A12-1 -> 9 | B12: =UsabilityScale!B12-1 -> 9 | C12: =UsabilityScale!C12-1 -> 9 | D12: =UsabilityScale!D12-1 -> 9 | E12: =SUM(A12:D12) -> 36 | F12: =UsabilityScale!F12-1 -> 9 | G12: =UsabilityScale!G12-1 -> 9 | H12: =SUM(F12:G12) -> 18 | I12: =UsabilityScale!I12-1 -> 7 | J12: =UsabilityScale!J12-1 -> 6 | K12: =UsabilityScale!K12-1 -> 9 | L12: =UsabilityScale!L12-1 -> 9 | M12: =UsabilityScale!M12-1 -> 9 | N12: =UsabilityScale!N12-1 -> 9 | O12: =UsabilityScale!O12-1 -> 9 | P12: =SUM(N12:O12) -> 18 | Q12: =UsabilityScale!Q12-1 -> 6 | R12: =UsabilityScale!R12-1 -> 8 | S12: =SUM(Q12:R12) -> 14 | T12: =UsabilityScale!T12-1 -> 9 | U12: =UsabilityScale!U12-1 -> 9 | V12: =SUM(T12:U12) -> 18 | W12: =UsabilityScale!W12-1 -> 9 | X12: =UsabilityScale!X12-1 -> 9 | Y12: =SUM(W12:X12) -> 18
A13: =UsabilityScale!A13-1 -> 4 | B13: =UsabilityScale!B13-1 -> 9 | C13: =UsabilityScale!C13-1 -> 7 | D13: =UsabilityScale!D13-1 -> 9 | E13: =SUM(A13:D13) -> 29 | F13: =UsabilityScale!F13-1 -> 8 | G13: =UsabilityScale!G13-1 -> 7 | H13: =SUM(F13:G13) -> 15 | I13: =UsabilityScale!I13-1 -> 7 | J13: =UsabilityScale!J13-1 -> 6 | K13: =UsabilityScale!K13-1 -> 8 | L13: =UsabilityScale!L13-1 -> 8 | M13: =UsabilityScale!M13-1 -> 7 | N13: =UsabilityScale!N13-1 -> 6 | O13: =UsabilityScale!O13-1 -> 7 | P13: =SUM(N13:O13) -> 13 | Q13: =UsabilityScale!Q13-1 -> 4 | R13: =UsabilityScale!R13-1 -> 8 | S13: =SUM(Q13:R13) -> 12 | T13: =UsabilityScale!T13-1 -> 9 | U13: =UsabilityScale!U13-1 -> 9 | V13: =SUM(T13:U13) -> 18 | W13: =UsabilityScale!W13-1 -> 7 | X13: =UsabilityScale!X13-1 -> 7 | Y13: =SUM(W13:X13) -> 14
A14: =UsabilityScale!A14-1 -> 9 | B14: =UsabilityScale!B14-1 -> 9 | C14: =UsabilityScale!C14-1 -> 9 | D14: =UsabilityScale!D14-1 -> 9 | E14: =SUM(A14:D14) -> 36 | F14: =UsabilityScale!F14-1 -> 7 | G14: =UsabilityScale!G14-1 -> 9 | H14: =SUM(F14:G14) -> 16 | I14: =UsabilityScale!I14-1 -> 9 | J14: =UsabilityScale!J14-1 -> 8 | K14: =UsabilityScale!K14-1 -> 7 | L14: =UsabilityScale!L14-1 -> 9 | M14: =UsabilityScale!M14-1 -> 9 | N14: =UsabilityScale!N14-1 -> 8 | O14: =UsabilityScale!O14-1 -> 9 | P14: =SUM(N14:O14) -> 17 | Q14: =UsabilityScale!Q14-1 -> 7 | R14: =UsabilityScale!R14-1 -> 8 | S14: =SUM(Q14:R14) -> 15 | T14: =UsabilityScale!T14-1 -> 9 | U14: =UsabilityScale!U14-1 -> 9 | V14: =SUM(T14:U14) -> 18 | W14: =UsabilityScale!W14-1 -> 9 | X14: =UsabilityScale!X14-1 -> 7 | Y14: =SUM(W14:X14) -> 16
... A24: =UsabilityScale!A24-1 -> 9 | B24: =UsabilityScale!B24-1 -> 9 | C24: =UsabilityScale!C24-1 -> 9 | D24: =UsabilityScale!D24-1 -> 3 | E24: =SUM(A24:D24) -> 30 | F24: =UsabilityScale!F24-1 -> 9 | G24: =UsabilityScale!G24-1 -> 9 | H24: =SUM(F24:G24) -> 18 | I24: =UsabilityScale!I24-1 -> 9 | J24: =UsabilityScale!J24-1 -> 4 | K24: =UsabilityScale!K24-1 -> 9 | L24: =UsabilityScale!L24-1 -> 9 | M24: =UsabilityScale!M24-1 -> 9 | N24: =UsabilityScale!N24-1 -> 4 | O24: =UsabilityScale!O24-1 -> 4 | P24: =SUM(N24:O24) -> 8 | Q24: =UsabilityScale!Q24-1 -> 9 | R24: =UsabilityScale!R24-1 -> 4 | S24: =SUM(Q24:R24) -> 13 | T24: =UsabilityScale!T24-1 -> 9 | U24: =UsabilityScale!U24-1 -> 9 | V24: =SUM(T24:U24) -> 18 | W24: =UsabilityScale!W24-1 -> 4 | X24: =UsabilityScale!X24-1 -> 4 | Y24: =SUM(W24:X24) -> 8
A26: =AVERAGE(A3:A24) -> 7.3181818 | B26: =AVERAGE(B3:B24) -> 8.0454545 | C26: =AVERAGE(C3:C24) -> 8.2272727 | D26: 8.2727273 | E26: =AVERAGE(E3:E24)/4 -> 7.7159091 | F26: =AVERAGE(F3:F24) -> 7.5 | G26: =AVERAGE(G3:G24) -> 8.6363636 | H26: =AVERAGE(H3:H24)/2 -> 8.0681818 | I26: =AVERAGE(I3:I24) -> 8 | J26: =AVERAGE(J3:J24) -> 6.4545455 | K26: =AVERAGE(K3:K24) -> 7.5454545 | L26: =AVERAGE(L3:L24) -> 7.7272727 | M26: =AVERAGE(M3:M24) -> 8.3181818 | N26: =AVERAGE(N3:N24) -> 6.4545455 | O26: =AVERAGE(O3:O24) -> 6.4545455 | P26: =AVERAGE(P3:P24)/2 -> 6.4545455 | Q26: =AVERAGE(Q3:Q24) -> 7.1818182 | R26: =AVERAGE(R3:R24) -> 6.6363636 | S26: =AVERAGE(S3:S24)/2 -> 6.9090909 | T26: =AVERAGE(T3:T24) -> 8.8636364 | U26: =AVERAGE(U3:U24) -> 8.6363636 | V26: =AVERAGE(V3:V24)/2 -> 8.75 | W26: =AVERAGE(W3:W24) -> 7.5454545 | X26: =AVERAGE(X3:X24) -> 6.6363636 | Y26: =AVERAGE(Y3:Y24)/2 -> 7.0909091
A27: =_xlfn.STDEV.S(A3:A24) -> 2.1905938 | B27: =_xlfn.STDEV.S(B3:B24) -> 1.7855844 | C27: =_xlfn.STDEV.S(C3:C24) -> 2.0686278 | D27: 2.7112081 | E27: =STDEV(E4:E25)/4 -> 1.3393095 | F27: =_xlfn.STDEV.S(F3:F24) -> 2.5773741 | G27: =_xlfn.STDEV.S(G3:G24) -> 1.0021622 | H27: =_xlfn.STDEV.S(H3:H24)/2 -> 1.6057594 | I27: =_xlfn.STDEV.S(I3:I24) -> 1.5735916 | J27: =_xlfn.STDEV.S(J3:J24) -> 1.8446131 | K27: =_xlfn.STDEV.S(K3:K24) -> 2.2620529 | L27: =_xlfn.STDEV.S(L3:L24) -> 2.3336425 | M27: =_xlfn.STDEV.S(M3:M24) -> 2.0091781 | N27: =_xlfn.STDEV.S(N3:N24) -> 1.8186147 | O27: =_xlfn.STDEV.S(O3:O24) -> 2.1542267 | P27: =_xlfn.STDEV.S(P3:P24)/2 -> 1.8186147 | Q27: =_xlfn.STDEV.S(Q3:Q24) -> 2.2811101 | R27: =_xlfn.STDEV.S(R3:R24) -> 1.9650628 | S27: =_xlfn.STDEV.S(S3:S24)/2 -> 1.2501082 | T27: =_xlfn.STDEV.S(T3:T24) -> 0.63960215 | U27: =_xlfn.STDEV.S(U3:U24) -> 1.3289973 | V27: =_xlfn.STDEV.S(V3:V24)/2 -> 0.71962292 | W27: =_xlfn.STDEV.S(W3:W24) -> 2.2620529 | X27: =_xlfn.STDEV.S(X3:X24) -> 1.9406787 | Y27: =_xlfn.STDEV.S(Y3:Y24)/2 -> 2.0215291
B32: Q1, Q2, Q10, Q15 | C32: Q5 | D32: Q7 | E32: Q4 | F32: Q17 | G32: Q6 | H32: Q8 | I32: Q9
B33: Interface complexity and usage | C33: Memorability | D33: Tension | E33: The application is easy to use with minimum instructions from the tester. (1 for no and 10 for yes) | F33: Does the app appearance consistent? | G33: You managed to finish the tasks as fast as possible. (1 for no and 10 for yes) | H33: You managed to perform well in labs without difficulties in using the VR equipment | I33: You managed to perform well in labs by hearing ROBO instructions and following them. | J33: Prior Knowledge | K33: Colors and Brightness | L33: Engagement | M33: Recommendation | N33: Average
B34: =AVERAGE(A3,B3,D3,G3) -> 7 | C34: =C3 -> 9 | D34: =F3 -> 9 | E34: =I3 -> 9 | F34: =J3 -> 6 | G34: =K3 -> 7 | H34: =L3 -> 6 | I34: =M3 -> 9 | J34: =AVERAGE(N3:O3) -> 7.5 | K34: =AVERAGE(Q3:R3) -> 7.5 | L34: =AVERAGE(T3:U3) -> 9 | M34: =AVERAGE(W3:X3) -> 9 | N34: =ROUND(100*AVERAGE(B34:M34)/9,2) -> 87.96 | O34: =ROUND(100*SUM(B34:M34)/108,2) -> 87.96
B35: =AVERAGE(A4,B4,D4,G4) -> 7.5 | C35: =C4 -> 9 | D35: =F4 -> 6 | E35: =I4 -> 5 | F35: =J4 -> 8 | G35: =K4 -> 8 | H35: =L4 -> 6 | I35: =M4 -> 9 | J35: =AVERAGE(N4:O4) -> 7.5 | K35: =AVERAGE(Q4:R4) -> 9 | L35: =AVERAGE(T4:U4) -> 8 | M35: =AVERAGE(W4:X4) -> 8 | N35: =ROUND(100*AVERAGE(B35:M35)/9,2) -> 84.26 | O35: =ROUND(100*SUM(B35:M35)/108,2) -> 84.26
B36: =AVERAGE(A5,B5,D5,G5) -> 2.75 | C36: =C5 -> 8 | D36: =F5 -> 2 | E36: =I5 -> 5 | F36: =J5 -> 8 | G36: =K5 -> 3 | H36: =L5 -> 3 | I36: =M5 -> 6 | J36: =AVERAGE(N5:O5) -> 5 | K36: =AVERAGE(Q5:R5) -> 7.5 | L36: =AVERAGE(T5:U5) -> 6 | M36: =AVERAGE(W5:X5) -> 8 | N36: =ROUND(100*AVERAGE(B36:M36)/9,2) -> 59.49 | O36: =ROUND(100*SUM(B36:M36)/108,2) -> 59.49
B37: =AVERAGE(A6,B6,D6,G6) -> 8.75 | C37: =C6 -> 9 | D37: =F6 -> 5 | E37: =I6 -> 9 | F37: =J6 -> 8 | G37: =K6 -> 6 | H37: =L6 -> 9 | I37: =M6 -> 9 | J37: =AVERAGE(N6:O6) -> 6 | K37: =AVERAGE(Q6:R6) -> 7 | L37: =AVERAGE(T6:U6) -> 9 | M37: =AVERAGE(W6:X6) -> 9 | N37: =ROUND(100*AVERAGE(B37:M37)/9,2) -> 87.73 | O37: =ROUND(100*SUM(B37:M37)/108,2) -> 87.73
B38: =AVERAGE(A7,B7,D7,G7) -> 7.75 | C38: =C7 -> 9 | D38: =F7 -> 9 | E38: =I7 -> 9 | F38: =J7 -> 8 | G38: =K7 -> 7 | H38: =L7 -> 9 | I38: =M7 -> 9 | J38: =AVERAGE(N7:O7) -> 7.5 | K38: =AVERAGE(Q7:R7) -> 6 | L38: =AVERAGE(T7:U7) -> 9 | M38: =AVERAGE(W7:X7) -> 8 | N38: =ROUND(100*AVERAGE(B38:M38)/9,2) -> 90.97 | O38: =ROUND(100*SUM(B38:M38)/108,2) -> 90.97
B39: =AVERAGE(A8,B8,D8,G8) -> 9 | C39: =C8 -> 9 | D39: =F8 -> 9 | E39: =I8 -> 9 | F39: =J8 -> 7 | G39: =K8 -> 9 | H39: =L8 -> 9 | I39: =M8 -> 9 | J39: =AVERAGE(N8:O8) -> 8.5 | K39: =AVERAGE(Q8:R8) -> 9 | L39: =AVERAGE(T8:U8) -> 9 | M39: =AVERAGE(W8:X8) -> 7 | N39: =ROUND(100*AVERAGE(B39:M39)/9,2) -> 95.83 | O39: =ROUND(100*SUM(B39:M39)/108,2) -> 95.83 | Z39: 88.888889 | AA39: 71.717172 | AB39: 83.838384 | AC39: 85.858586 | AD39: 92.424242 | AE39: 71.717172 | AF39: 76.767677 | AG39: 97.222222 | AH39: 78.787879
B40: =AVERAGE(A9,B9,D9,G9) -> 8.75 | C40: =C9 -> 9 | D40: =F9 -> 9 | E40: =I9 -> 9 | F40: =J9 -> 6 | G40: =K9 -> 9 | H40: =L9 -> 8 | I40: =M9 -> 9 | J40: =AVERAGE(N9:O9) -> 8.5 | K40: =AVERAGE(Q9:R9) -> 8 | L40: =AVERAGE(T9:U9) -> 9 | M40: =AVERAGE(W9:X9) -> 9 | N40: =ROUND(100*AVERAGE(B40:M40)/9,2) -> 94.68 | O40: =ROUND(100*SUM(B40:M40)/108,2) -> 94.68
B41: =AVERAGE(A10,B10,D10,G10) -> 7.75 | C41: =C10 -> 0 | D41: =F10 -> 0 | E41: =I10 -> 7 | F41: =J10 -> 8 | G41: =K10 -> 0 | H41: =L10 -> 0 | I41: =M10 -> 9 | J41: =AVERAGE(N10:O10) -> 6.5 | K41: =AVERAGE(Q10:R10) -> 6 | L41: =AVERAGE(T10:U10) -> 9 | M41: =AVERAGE(W10:X10) -> 8 | N41: =ROUND(100*AVERAGE(B41:M41)/9,2) -> 56.71 | O41: =ROUND(100*SUM(B41:M41)/108,2) -> 56.71
B42: =AVERAGE(A11,B11,D11,G11) -> 8 | C42: =C11 -> 8 | D42: =F11 -> 7 | E42: =I11 -> 7 | F42: =J11 -> 8 | G42: =K11 -> 8 | H42: =L11 -> 7 | I42: =M11 -> 8 | J42: =AVERAGE(N11:O11) -> 7 | K42: =AVERAGE(Q11:R11) -> 7.5 | L42: =AVERAGE(T11:U11) -> 9 | M42: =AVERAGE(W11:X11) -> 8 | N42: =ROUND(100*AVERAGE(B42:M42)/9,2) -> 85.65 | O42: =ROUND(100*SUM(B42:M42)/108,2) -> 85.65
B43: =AVERAGE(A12,B12,D12,G12) -> 9 | C43: =C12 -> 9 | D43: =F12 -> 9 | E43: =I12 -> 7 | F43: =J12 -> 6 | G43: =K12 -> 9 | H43: =L12 -> 9 | I43: =M12 -> 9 | J43: =AVERAGE(N12:O12) -> 9 | K43: =AVERAGE(Q12:R12) -> 7 | L43: =AVERAGE(T12:U12) -> 9 | M43: =AVERAGE(W12:X12) -> 9 | N43: =ROUND(100*AVERAGE(B43:M43)/9,2) -> 93.52 | O43: =ROUND(100*SUM(B43:M43)/108,2) -> 93.52
B44: =AVERAGE(A13,B13,D13,G13) -> 7.25 | C44: =C13 -> 7 | D44: =F13 -> 8 | E44: =I13 -> 7 | F44: =J13 -> 6 | G44: =K13 -> 8 | H44: =L13 -> 8 | I44: =M13 -> 7 | J44: =AVERAGE(N13:O13) -> 6.5 | K44: =AVERAGE(Q13:R13) -> 6 | L44: =AVERAGE(T13:U13) -> 9 | M44: =AVERAGE(W13:X13) -> 7 | N44: =ROUND(100*AVERAGE(B44:M44)/9,2) -> 80.32 | O44: =ROUND(100*SUM(B44:M44)/108,2) -> 80.32
B45: =AVERAGE(A14,B14,D14,G14) -> 9 | C45: =C14 -> 9 | D45: =F14 -> 7 | E45: =I14 -> 9 | F45: =J14 -> 8 | G45: =K14 -> 7 | H45: =L14 -> 9 | I45: =M14 -> 9 | J45: =AVERAGE(N14:O14) -> 8.5 | K45: =AVERAGE(Q14:R14) -> 7.5 | L45: =AVERAGE(T14:U14) -> 9 | M45: =AVERAGE(W14:X14) -> 8 | N45: =ROUND(100*AVERAGE(B45:M45)/9,2) -> 92.59 | O45: =ROUND(100*SUM(B45:M45)/108,2) -> 92.59
B46: =AVERAGE(A15,B15,D15,G15) -> 8.5 | C46: =C15 -> 9 | D46: =F15 -> 9 | E46: =I15 -> 9 | F46: =J15 -> 8 | G46: =K15 -> 9 | H46: =L15 -> 9 | I46: =M15 -> 9 | J46: =AVERAGE(N15:O15) -> 8.5 | K46: =AVERAGE(Q15:R15) -> 6.5 | L46: =AVERAGE(T15:U15) -> 9 | M46: =AVERAGE(W15:X15) -> 8 | N46: =ROUND(100*AVERAGE(B46:M46)/9,2) -> 94.91 | O46: =ROUND(100*SUM(B46:M46)/108,2) -> 94.91
B47: =AVERAGE(A16,B16,D16,G16) -> 8.75 | C47: =C16 -> 9 | D47: =F16 -> 9 | E47: =I16 -> 8 | F47: =J16 -> 9 | G47: =K16 -> 6 | H47: =L16 -> 9 | I47: =M16 -> 9 | J47: =AVERAGE(N16:O16) -> 6.5 | K47: =AVERAGE(Q16:R16) -> 7 | L47: =AVERAGE(T16:U16) -> 9 | M47: =AVERAGE(W16:X16) -> 9 | N47: =ROUND(100*AVERAGE(B47:M47)/9,2) -> 91.9 | O47: =ROUND(100*SUM(B47:M47)/108,2) -> 91.9
B48: =AVERAGE(A17,B17,D17,G17) -> 6.75 | C48: =C17 -> 5 | D48: =F17 -> 4 | E48: =I17 -> 4 | F48: =J17 -> 5 | G48: =K17 -> 7 | H48: =L17 -> 6 | I48: =M17 -> 0 | J48: =AVERAGE(N17:O17) -> 6.5 | K48: =AVERAGE(Q17:R17) -> 3 | L48: =AVERAGE(T17:U17) -> 7.5 | M48: =AVERAGE(W17:X17) -> 8 | N48: =ROUND(100*AVERAGE(B48:M48)/9,2) -> 58.1 | O48: =ROUND(100*SUM(B48:M48)/108,2) -> 58.1
B49: =AVERAGE(A18,B18,D18,G18) -> 9 | C49: =C18 -> 9 | D49: =F18 -> 9 | E49: =I18 -> 9 | F49: =J18 -> 9 | G49: =K18 -> 9 | H49: =L18 -> 9 | I49: =M18 -> 9 | J49: =AVERAGE(N18:O18) -> 8.5 | K49: =AVERAGE(Q18:R18) -> 8.5 | L49: =AVERAGE(T18:U18) -> 9 | M49: =AVERAGE(W18:X18) -> 9 | N49: =ROUND(100*AVERAGE(B49:M49)/9,2) -> 99.07 | O49: =ROUND(100*SUM(B49:M49)/108,2) -> 99.07
B50: =AVERAGE(A19,B19,D19,G19) -> 8 | C50: =C19 -> 9 | D50: =F19 -> 9 | E50: =I19 -> 9 | F50: =J19 -> 4 | G50: =K19 -> 9 | H50: =L19 -> 9 | I50: =M19 -> 9 | J50: =AVERAGE(N19:O19) -> 4 | K50: =AVERAGE(Q19:R19) -> 6.5 | L50: =AVERAGE(T19:U19) -> 9 | M50: =AVERAGE(W19:X19) -> 4 | N50: =ROUND(100*AVERAGE(B50:M50)/9,2) -> 82.87 | O50: =ROUND(100*SUM(B50:M50)/108,2) -> 82.87
B51: =AVERAGE(A20,B20,D20,G20) -> 8 | C51: =C20 -> 9 | D51: =F20 -> 9 | E51: =I20 -> 9 | F51: =J20 -> 4 | G51: =K20 -> 9 | H51: =L20 -> 9 | I51: =M20 -> 9 | J51: =AVERAGE(N20:O20) -> 4 | K51: =AVERAGE(Q20:R20) -> 6.5 | L51: =AVERAGE(T20:U20) -> 9 | M51: =AVERAGE(W20:X20) -> 4 | N51: =ROUND(100*AVERAGE(B51:M51)/9,2) -> 82.87 | O51: =ROUND(100*SUM(B51:M51)/108,2) -> 82.87
... B54: =AVERAGE(A23,B23,D23,G23) -> 7.5 | C54: =C23 -> 9 | D54: =F23 -> 9 | E54: =I23 -> 9 | F54: =J23 -> 4 | G54: =K23 -> 9 | H54: =L23 -> 9 | I54: =M23 -> 9 | J54: =AVERAGE(N23:O23) -> 4 | K54: =AVERAGE(Q23:R23) -> 6.5 | L54: =AVERAGE(T23:U23) -> 9 | M54: =AVERAGE(W23:X23) -> 4 | N54: =ROUND(100*AVERAGE(B54:M54)/9,2) -> 82.41 | O54: =ROUND(100*SUM(B54:M54)/108,2) -> 82.41
B55: =AVERAGE(A24,B24,D24,G24) -> 7.5 | C55: =C24 -> 9 | D55: =F24 -> 9 | E55: =I24 -> 9 | F55: =J24 -> 4 | G55: =K24 -> 9 | H55: =L24 -> 9 | I55: =M24 -> 9 | J55: =AVERAGE(N24:O24) -> 4 | K55: =AVERAGE(Q24:R24) -> 6.5 | L55: =AVERAGE(T24:U24) -> 9 | M55: =AVERAGE(W24:X24) -> 4 | N55: =ROUND(100*AVERAGE(B55:M55)/9,2) -> 82.41 | O55: =ROUND(100*SUM(B55:M55)/108,2) -> 82.41 | Z55: 17.484351 | AA55: 20.495701 | AB55: 25.133921 | AC55: 25.929361 | AD55: 22.324201 | AE55: 20.20683 | AF55: 13.890091 | AG55: 7.9958102 | AH55: 22.461435
B57: =ROUND(100*AVERAGE(B34:B55)/9,2) -> 86.87 | C57: =ROUND(100*AVERAGE(C34:C55)/9,2) -> 91.41 | D57: =ROUND(100*AVERAGE(D34:D55)/9,2) -> 83.33 | E57: =ROUND(100*AVERAGE(E34:E55)/9,2) -> 88.89 | F57: =ROUND(100*AVERAGE(F34:F55)/9,2) -> 71.72 | G57: =ROUND(100*AVERAGE(G34:G55)/9,2) -> 83.84 | H57: =ROUND(100*AVERAGE(H34:H55)/9,2) -> 85.86 | I57: =ROUND(100*AVERAGE(I34:I55)/9,2) -> 92.42 | ... M57: =ROUND(100*AVERAGE(M34:M55)/9,2) -> 78.79 | N57: =ROUND(AVERAGE(N34:N56),2) -> 84.07 | O57: =ROUND(AVERAGE(O34:O56),2) -> 84.07
B58: =100*_xlfn.STDEV.S(B34:B55)/9 -> 14.753058 | C58: =100*_xlfn.STDEV.S(C34:C55)/9 -> 22.984753 | D58: =100*_xlfn.STDEV.S(D34:D55)/9 -> 28.63749 | E58: =100*_xlfn.STDEV.S(E34:E55)/9 -> 17.484351 | F58: =100*_xlfn.STDEV.S(F34:F55)/9 -> 20.495701 | G58: =100*_xlfn.STDEV.S(G34:G55)/9 -> 25.133921 | H58: =100*_xlfn.STDEV.S(H34:H55)/9 -> 25.929361 | I58: =100*_xlfn.STDEV.S(I34:I55)/9 -> 22.324201 | ... M58: =100*_xlfn.STDEV.S(M34:M55)/9 -> 22.461435 | N58: =_xlfn.STDEV.S(N34:N55) -> 11.850424 | O58: =_xlfn.STDEV.S(O34:O55) -> 11.850424
